2026-09-17T09:55:41.911+08:00,667.549532,0.336367075,54000
2026-09-17T09:55:41.914+08:00,667.552820,0.369733742,3448
2026-09-17T09:55:41.920+08:00,667.558194,0.403100408,3959
2026-09-17T09:55:41.940+08:00,667.578792,0.436462073,4140
2026-09-17T09:55:41.974+08:00,667.612041,0.46981958,4519
2026-09-17T09:55:42.008+08:00,667.646308,0.50317002,4954
2026-09-17T09:55:42.039+08:00,667.677837,0.536490305,5354
2026-09-17T09:55:42.075+08:00,667.713086,0.569801411,5419
2026-09-17T09:55:42.106+08:00,667.744407,0.603081901,5538
2026-09-17T09:55:42.139+08:00,667.777596,0.636329428,5738
2026-09-17T09:55:42.173+08:00,667.811025,0.66956359,5769
2026-09-17T09:55:42.207+08:00,667.845677,0.702766847,5981
2026-09-17T09:55:42.243+08:00,667.881095,0.73593831,5979
2026-09-17T09:55:42.276+08:00,667.914740,0.769098374,6151
2026-09-17T09:55:42.309+08:00,667.947144,0.802228139,5810
2026-09-17T09:55:42.342+08:00,667.980759,0.835329719,6017
2026-09-17T09:55:42.375+08:00,668.012909,0.868427588,6227
2026-09-17T09:55:42.410+08:00,668.048156,0.901503586,6162
2026-09-17T09:55:42.443+08:00,668.080869,0.934562738,5848
2026-09-17T09:55:42.476+08:00,668.114257,0.967630599,6257
2026-09-17T09:55:42.509+08:00,668.147376,1.0006912,5969
2026-09-17T09:55:42.541+08:00,668.179119,1.033751072,6219
2026-09-17T09:55:42.576+08:00,668.214846,1.066832923,6305
2026-09-17T09:55:42.610+08:00,668.248777,1.099923375,6473
2026-09-17T09:55:42.642+08:00,668.280423,1.133028182,6117
2026-09-17T09:55:42.676+08:00,668.314247,1.166163751,6296
2026-09-17T09:55:42.707+08:00,668.345430,1.199318953,6005
2026-09-17T09:55:42.744+08:00,668.382041,1.232496849,6137
2026-09-17T09:55:42.800+08:00,668.437976,1.265706206,6222
2026-09-17T09:55:42.810+08:00,668.448415,1.298937829,6114
2026-09-17T09:55:42.910+08:00,668.548285,1.332191726,54210
2026-09-17T09:55:42.914+08:00,668.552618,1.365470399,3463
2026-09-17T09:55:42.920+08:00,668.558035,1.398766751,3998
2026-09-17T09:55:42.940+08:00,668.578239,1.432078967,4135
2026-09-17T09:55:42.973+08:00,668.611421,1.465406261,4312
2026-09-17T09:55:43.007+08:00,668.645076,1.498743937,4732
2026-09-17T09:55:43.039+08:00,668.677111,1.531918078,4979
2026-09-17T09:55:43.073+08:00,668.711797,1.565157386,4961
2026-09-17T09:55:43.105+08:00,668.743016,1.598034245,5246
2026-09-17T09:55:43.138+08:00,668.776813,1.631035102,5450
2026-09-17T09:55:43.172+08:00,668.810346,1.664183964,5690
2026-09-17T09:55:43.207+08:00,668.845043,1.697420138,5581
2026-09-17T09:55:43.241+08:00,668.878908,1.730712465,5518
2026-09-17T09:55:43.274+08:00,668.912560,1.764040127,5614
2026-09-17T09:55:43.308+08:00,668.946568,1.797386346,5757
2026-09-17T09:55:43.341+08:00,668.979297,1.830742931,5545
2026-09-17T09:55:43.373+08:00,669.011630,1.864105069,5628
2026-09-17T09:55:43.410+08:00,669.048374,1.89746972,5864
2026-09-17T09:55:43.442+08:00,669.080198,1.930835557,5837
2026-09-17T09:55:43.475+08:00,669.113361,1.964201917,6236
2026-09-17T09:55:43.508+08:00,669.146583,1.997568473,5815
2026-09-17T09:55:43.540+08:00,669.178676,2.030935104,6078
2026-09-17T09:55:43.576+08:00,669.214037,2.06430176,6347
2026-09-17T09:55:43.608+08:00,669.246689,2.097668423,6175
2026-09-17T09:55:43.642+08:00,669.279935,2.13103509,6196
2026-09-17T09:55:43.675+08:00,669.313424,2.164401757,5924
2026-09-17T09:55:43.706+08:00,669.344427,2.197768423,5711
2026-09-17T09:55:43.742+08:00,669.380087,2.23113509,5829
2026-09-17T09:55:43.774+08:00,669.412822,2.264501757,5901
2026-09-17T09:55:43.808+08:00,669.446721,2.297868423,6099
2026-09-17T09:55:43.933+08:00,669.571531,2.331235089,54192
2026-09-17T09:55:43.937+08:00,669.575619,2.364601756,3579
2026-09-17T09:55:43.943+08:00,669.581638,2.397968422,3995
2026-09-17T09:55:43.949+08:00,669.587425,2.431335089,4332
2026-09-17T09:55:43.972+08:00,669.610833,2.464701756,4425
2026-09-17T09:55:44.006+08:00,669.644359,2.498068422,4663
2026-09-17T09:55:44.038+08:00,669.676178,2.531431463,4840
2026-09-17T09:55:44.073+08:00,669.711344,2.564794533,5060
2026-09-17T09:55:44.104+08:00,669.742502,2.59814922,5314
2026-09-17T09:55:44.138+08:00,669.776036,2.631503791,5358
2026-09-17T09:55:44.171+08:00,669.809371,2.664858459,5478
2026-09-17T09:55:44.206+08:00,669.843993,2.698213222,5460
2026-09-17T09:55:44.241+08:00,669.879167,2.731568081,5556
2026-09-17T09:55:44.274+08:00,669.912036,2.764923035,5942
2026-09-17T09:55:44.308+08:00,669.946274,2.798278081,5974
2026-09-17T09:55:44.341+08:00,669.979192,2.831633221,5933
2026-09-17T09:55:44.373+08:00,670.011235,2.864988453,6058
2026-09-17T09:55:44.410+08:00,670.048512,2.898343776,6283
2026-09-17T09:55:44.441+08:00,670.079739,2.931699191,6053
2026-09-17T09:55:44.474+08:00,670.112080,2.965054696,5864
2026-09-17T09:55:44.507+08:00,670.145670,2.998410289,5828
2026-09-17T09:55:44.539+08:00,670.177573,3.031765972,5908
2026-09-17T09:55:44.575+08:00,670.212866,3.065121742,5948
2026-09-17T09:55:44.608+08:00,670.246719,3.098477599,6387
2026-09-17T09:55:44.641+08:00,670.279571,3.131833543,6294
2026-09-17T09:55:44.672+08:00,670.310613,3.165185711,6312
2026-09-17T09:55:44.706+08:00,670.344062,3.198537994,5960
2026-09-17T09:55:44.740+08:00,670.378720,3.231890393,5948
2026-09-17T09:55:44.772+08:00,670.410078,3.265239399,6091
2026-09-17T09:55:44.806+08:00,670.444705,3.298588546,5895
2026-09-17T09:55:44.909+08:00,670.547249,3.331937834,53910
2026-09-17T09:55:44.913+08:00,670.551387,3.365287261,3718
2026-09-17T09:55:44.930+08:00,670.568681,3.398636825,3981
2026-09-17T09:55:44.942+08:00,670.579882,3.431986526,4332
2026-09-17T09:55:44.973+08:00,670.611414,3.465336363,4627
2026-09-17T09:55:45.004+08:00,670.642804,3.498686334,4715
2026-09-17T09:55:45.039+08:00,670.677034,3.532036439,5120
2026-09-17T09:55:45.073+08:00,670.711766,3.565386677,4910
2026-09-17T09:55:45.107+08:00,670.744787,3.598737045,5317
2026-09-17T09:55:45.140+08:00,670.778212,3.632087545,5348
2026-09-17T09:55:45.172+08:00,670.810209,3.665437812,5486
2026-09-17T09:55:45.205+08:00,670.843313,3.698788209,5576
2026-09-17T09:55:45.240+08:00,670.878033,3.732138737,5482
2026-09-17T09:55:45.271+08:00,670.909797,3.765487247,5794
2026-09-17T09:55:45.307+08:00,670.945378,3.798835901,5499
2026-09-17T09:55:45.340+08:00,670.978149,3.8321847,5611
2026-09-17T09:55:45.372+08:00,671.010160,3.865533642,5611
2026-09-17T09:55:45.408+08:00,671.046108,3.898882725,5760
2026-09-17T09:55:45.441+08:00,671.078932,3.93223195,5866
2026-09-17T09:55:45.473+08:00,671.111445,3.965581314,5748
2026-09-17T09:55:45.508+08:00,671.145993,3.998930815,6059
2026-09-17T09:55:45.539+08:00,671.177642,4.032280455,6103
2026-09-17T09:55:45.574+08:00,671.212469,4.065630231,6126
2026-09-17T09:55:45.605+08:00,671.243237,4.098975221,6244
2026-09-17T09:55:45.639+08:00,671.277003,4.132320153,6407
2026-09-17T09:55:45.671+08:00,671.309744,4.165664557,6100
2026-09-17T09:55:45.706+08:00,671.343877,4.199009138,6080
2026-09-17T09:55:45.741+08:00,671.379773,4.232353897,6220
2026-09-17T09:55:45.774+08:00,671.412579,4.265698831,6253
2026-09-17T09:55:45.808+08:00,671.445980,4.299043938,6441
2026-09-17T09:55:45.909+08:00,671.547374,4.332389219,54144
2026-09-17T09:55:45.913+08:00,671.551318,4.365734671,3316
2026-09-17T09:55:45.918+08:00,671.556619,4.399080291,3868
2026-09-17T09:55:45.938+08:00,671.576784,4.432426081,3932
2026-09-17T09:55:45.996+08:00,671.634260,4.465772038,4495
2026-09-17T09:55:46.008+08:00,671.646392,4.49911816,4509
2026-09-17T09:55:46.037+08:00,671.675145,4.532464447,4728
2026-09-17T09:55:46.073+08:00,671.711213,4.565810897,4808
2026-09-17T09:55:46.106+08:00,671.744353,4.599157508,4814
2026-09-17T09:55:46.136+08:00,671.774474,4.632495196,5071
2026-09-17T09:55:46.170+08:00,671.808771,4.665833116,5371
2026-09-17T09:55:46.204+08:00,671.842586,4.699171265,5435
2026-09-17T09:55:46.239+08:00,671.877167,4.732509643,5556
2026-09-17T09:55:46.272+08:00,671.910317,4.765848248,5917
2026-09-17T09:55:46.307+08:00,671.944915,4.799187076,5699
2026-09-17T09:55:46.339+08:00,671.977759,4.832526128,5930
2026-09-17T09:55:46.372+08:00,672.010117,4.865865401,5980
2026-09-17T09:55:46.408+08:00,672.046234,4.899204892,6001
2026-09-17T09:55:46.440+08:00,672.078793,4.932544601,5910
2026-09-17T09:55:46.474+08:00,672.112049,4.965884526,5796
2026-09-17T09:55:46.507+08:00,672.145736,4.999224664,6233
2026-09-17T09:55:46.539+08:00,672.177107,5.032565015,5982
2026-09-17T09:55:46.573+08:00,672.211755,5.065905577,6010
2026-09-17T09:55:46.605+08:00,672.243319,5.099245829,6355
2026-09-17T09:55:46.638+08:00,672.276711,5.13258473,6496
2026-09-17T09:55:46.672+08:00,672.310169,5.165921241,6678
2026-09-17T09:55:46.705+08:00,672.343736,5.199257992,6415
2026-09-17T09:55:46.739+08:00,672.377496,5.232594983,6322
2026-09-17T09:55:46.772+08:00,672.410344,5.265932212,6007
2026-09-17T09:55:46.806+08:00,672.444109,5.299269675,5958
2026-09-17T09:55:46.907+08:00,672.545784,5.332607373,54315
2026-09-17T09:55:46.912+08:00,672.550624,5.365945302,3525
2026-09-17T09:55:46.918+08:00,672.555953,5.39928346,4051
2026-09-17T09:55:46.938+08:00,672.576439,5.432621847,4532
2026-09-17T09:55:46.973+08:00,672.611397,5.465960461,4964
2026-09-17T09:55:47.006+08:00,672.644129,5.499299298,5396
2026-09-17T09:55:47.063+08:00,672.700888,5.532638359,5329
2026-09-17T09:55:47.075+08:00,672.713019,5.565977641,5618
2026-09-17T09:55:47.107+08:00,672.744866,5.599317141,5565
2026-09-17T09:55:47.138+08:00,672.776506,5.632656859,5533
2026-09-17T09:55:47.173+08:00,672.811261,5.665996793,5670
2026-09-17T09:55:47.206+08:00,672.844051,5.699336939,5789
2026-09-17T09:55:47.241+08:00,672.878985,5.732677299,6007
2026-09-17T09:55:47.273+08:00,672.911550,5.766017869,6010
2026-09-17T09:55:47.304+08:00,672.942235,5.799357093,5715
2026-09-17T09:55:47.337+08:00,672.975090,5.832691371,5833
2026-09-17T09:55:47.372+08:00,673.010194,5.866025909,6053
2026-09-17T09:55:47.407+08:00,673.045258,5.899360703,6148
2026-09-17T09:55:47.439+08:00,673.077087,5.932695753,6317
2026-09-17T09:55:47.471+08:00,673.109591,5.966031056,6315
2026-09-17T09:55:47.504+08:00,673.142750,5.999366608,6261
2026-09-17T09:55:47.538+08:00,673.176362,6.03270241,6092
2026-09-17T09:55:47.574+08:00,673.211961,6.066038459,6110
2026-09-17T09:55:47.607+08:00,673.245033,6.099374752,6224
2026-09-17T09:55:47.640+08:00,673.278694,6.132711289,6580
2026-09-17T09:55:47.673+08:00,673.311831,6.166048067,6440
2026-09-17T09:55:47.705+08:00,673.343501,6.199385083,6287
2026-09-17T09:55:47.740+08:00,673.378378,6.232722338,6188
2026-09-17T09:55:47.773+08:00,673.411471,6.266059828,6297
2026-09-17T09:55:47.806+08:00,673.444713,6.29939755,6174
2026-09-17T09:55:47.907+08:00,673.544906,6.332735505,54209
2026-09-17T09:55:47.911+08:00,673.549647,6.366073689,3529
2026-09-17T09:55:47.917+08:00,673.555305,6.3994121,4235
2026-09-17T09:55:47.938+08:00,673.576138,6.432750738,4433
2026-09-17T09:55:47.972+08:00,673.609895,6.466089601,4530
2026-09-17T09:55:48.004+08:00,673.642613,6.499428685,4798
2026-09-17T09:55:48.036+08:00,673.674538,6.532764915,5066
2026-09-17T09:55:48.071+08:00,673.709698,6.566101389,5186
2026-09-17T09:55:48.131+08:00,673.768957,6.599438103,5465
2026-09-17T09:55:48.141+08:00,673.779045,6.632775058,5460
2026-09-17T09:55:48.172+08:00,673.810579,6.666112251,5839
2026-09-17T09:55:48.207+08:00,673.845116,6.699449678,5727
2026-09-17T09:55:48.238+08:00,673.876130,6.73278734,5844
2026-09-17T09:55:48.271+08:00,673.909206,6.766119612,6333
2026-09-17T09:55:48.304+08:00,673.942114,6.799452158,6105
2026-09-17T09:55:48.337+08:00,673.975019,6.832782768,6070
2026-09-17T09:55:48.371+08:00,674.009357,6.866113666,5951
2026-09-17T09:55:48.406+08:00,674.044640,6.899444849,5825
2026-09-17T09:55:48.440+08:00,674.078248,6.932776317,5968
2026-09-17T09:55:48.472+08:00,674.110659,6.966108067,5901
2026-09-17T09:55:48.507+08:00,674.145485,6.999440095,6194
2026-09-17T09:55:48.538+08:00,674.176268,7.032772401,6114
2026-09-17T09:55:48.573+08:00,674.211734,7.066104982,6160
2026-09-17T09:55:48.607+08:00,674.245486,7.099437835,6034
2026-09-17T09:55:48.639+08:00,674.277424,7.132770959,6006
2026-09-17T09:55:48.670+08:00,674.308388,7.166102561,6012
2026-09-17T09:55:48.704+08:00,674.342166,7.199434443,5973
2026-09-17T09:55:48.739+08:00,674.377587,7.232766604,6017
2026-09-17T09:55:48.773+08:00,674.411197,7.266099041,6370
2026-09-17T09:55:48.807+08:00,674.444997,7.299431751,6552
2026-09-17T09:55:48.906+08:00,674.544311,7.332764733,54017
2026-09-17T09:55:48.911+08:00,674.549069,7.366097985,3452
2026-09-17T09:55:48.916+08:00,674.554242,7.399431503,3857
2026-09-17T09:55:48.936+08:00,674.574800,7.432765287,4037
2026-09-17T09:55:48.971+08:00,674.609170,7.466099334,4297
2026-09-17T09:55:49.003+08:00,674.641703,7.499433641,4535
2026-09-17T09:55:49.035+08:00,674.673391,7.532766827,4555
2026-09-17T09:55:49.071+08:00,674.709227,7.566100281,4820
2026-09-17T09:55:49.104+08:00,674.742261,7.599433999,4891
2026-09-17T09:55:49.137+08:00,674.775278,7.632767982,4974
2026-09-17T09:55:49.198+08:00,674.836061,7.666102226,5078
2026-09-17T09:55:49.206+08:00,674.844114,7.699436729,4992
2026-09-17T09:55:49.238+08:00,674.876750,7.73277149,5252
2026-09-17T09:55:49.272+08:00,674.910271,7.766106506,5207
2026-09-17T09:55:49.305+08:00,674.942934,7.799441775,5393
2026-09-17T09:55:49.338+08:00,674.976228,7.832777296,5492
2026-09-17T09:55:49.370+08:00,675.008059,7.866110171,5531
2026-09-17T09:55:49.405+08:00,675.043253,7.899443316,5498
2026-09-17T09:55:49.436+08:00,675.074813,7.932776546,5545
2026-09-17T09:55:49.469+08:00,675.107486,7.966103758,5470
2026-09-17T09:55:49.502+08:00,675.140681,7.999429599,5702
2026-09-17T09:55:49.537+08:00,675.174992,8.032755767,5630
2026-09-17T09:55:49.572+08:00,675.210593,8.066082259,5694
2026-09-17T09:55:49.606+08:00,675.244673,8.099409072,5970
2026-09-17T09:55:49.639+08:00,675.277311,8.132736205,6253
2026-09-17T09:55:49.670+08:00,675.308551,8.166063654,6003
2026-09-17T09:55:49.703+08:00,675.341843,8.199391416,6057
2026-09-17T09:55:49.739+08:00,675.377591,8.23271949,6084
2026-09-17T09:55:49.771+08:00,675.409653,8.266047873,6048
2026-09-17T09:55:49.805+08:00,675.443226,8.299376561,5727
2026-09-17T09:55:49.906+08:00,675.544499,8.332705554,54270
2026-09-17T09:55:49.911+08:00,675.549153,8.366034848,3441
2026-09-17T09:55:49.916+08:00,675.554467,8.39936444,3905
2026-09-17T09:55:49.936+08:00,675.574799,8.43269433,4133
2026-09-17T09:55:49.970+08:00,675.608776,8.466024514,4420
2026-09-17T09:55:50.004+08:00,675.642152,8.499354989,4805
2026-09-17T09:55:50.035+08:00,675.673746,8.532685754,4814
2026-09-17T09:55:50.071+08:00,675.709767,8.566016807,5072
2026-09-17T09:55:50.104+08:00,675.742394,8.599348143,5228
2026-09-17T09:55:50.139+08:00,675.777022,8.632679763,5481
2026-09-17T09:55:50.172+08:00,675.810105,8.666011663,5595
2026-09-17T09:55:50.204+08:00,675.842464,8.699343841,5756
2026-09-17T09:55:50.263+08:00,675.901454,8.732676295,5551
2026-09-17T09:55:50.274+08:00,675.912757,8.766009023,5490
2026-09-17T09:55:50.306+08:00,675.944370,8.799342022,5674
2026-09-17T09:55:50.338+08:00,675.976836,8.832675291,6003
2026-09-17T09:55:50.371+08:00,676.008977,8.866008327,6098
2026-09-17T09:55:50.407+08:00,676.044957,8.899341631,6177
2026-09-17T09:55:50.440+08:00,676.077915,8.932675203,6266
2026-09-17T09:55:50.469+08:00,676.107767,8.965998999,6114
2026-09-17T09:55:50.502+08:00,676.140832,8.999322307,6056
2026-09-17T09:55:50.537+08:00,676.175069,9.032645963,6130
2026-09-17T09:55:50.571+08:00,676.209037,9.065969963,5965
2026-09-17T09:55:50.603+08:00,676.240953,9.099294304,6088
2026-09-17T09:55:50.637+08:00,676.274920,9.132618164,6359
2026-09-17T09:55:50.672+08:00,676.310159,9.165942367,6344
2026-09-17T09:55:50.704+08:00,676.342244,9.199266908,6330
2026-09-17T09:55:50.739+08:00,676.377467,9.232591787,6151
2026-09-17T09:55:50.772+08:00,676.410155,9.265917001,6093
2026-09-17T09:55:50.805+08:00,676.443260,9.299242545,5937
2026-09-17T09:55:50.905+08:00,676.543415,9.332568419,54029
2026-09-17T09:55:50.909+08:00,676.547671,9.36589462,3300
2026-09-17T09:55:50.915+08:00,676.553174,9.399221143,3998
2026-09-17T09:55:50.934+08:00,676.572422,9.432547988,4428
2026-09-17T09:55:50.967+08:00,676.605293,9.465870484,4718
2026-09-17T09:55:51.002+08:00,676.639930,9.499193333,4710
2026-09-17T09:55:51.035+08:00,676.673386,9.532516533,4908
2026-09-17T09:55:51.071+08:00,676.709443,9.565840081,5412
2026-09-17T09:55:51.104+08:00,676.742645,9.599163973,5545
2026-09-17T09:55:51.138+08:00,676.776376,9.632488208,5739
2026-09-17T09:55:51.172+08:00,676.810249,9.665812783,5811
2026-09-17T09:55:51.203+08:00,676.841278,9.699137693,5929
2026-09-17T09:55:51.238+08:00,676.876667,9.732462938,5992
2026-09-17T09:55:51.269+08:00,676.907335,9.765786566,5891
2026-09-17T09:55:51.326+08:00,676.964739,9.799110537,5880
2026-09-17T09:55:51.336+08:00,676.974566,9.832434851,6024
2026-09-17T09:55:51.372+08:00,677.010739,9.865759504,6138
2026-09-17T09:55:51.406+08:00,677.044486,9.899084492,6140
2026-09-17T09:55:51.438+08:00,677.076722,9.932409814,6027
2026-09-17T09:55:51.471+08:00,677.109482,9.965735467,6129
2026-09-17T09:55:51.506+08:00,677.144673,9.999061447,6217
2026-09-17T09:55:51.537+08:00,677.175009,10.032387753,6063
2026-09-17T09:55:51.572+08:00,677.209879,10.065714382,5980
2026-09-17T09:55:51.605+08:00,677.242997,10.099041331,5983
2026-09-17T09:55:51.638+08:00,677.276473,10.132368598,6100
2026-09-17T09:55:51.671+08:00,677.309274,10.165696181,5811
2026-09-17T09:55:51.703+08:00,677.341109,10.199023699,6115
2026-09-17T09:55:51.738+08:00,677.376095,10.232351532,6134
2026-09-17T09:55:51.769+08:00,677.407041,10.265672954,6142
2026-09-17T09:55:51.802+08:00,677.440675,10.298994737,6284
2026-09-17T09:55:51.903+08:00,677.541044,10.33231688,54142
2026-09-17T09:55:51.908+08:00,677.545992,10.365639379,3662
2026-09-17T09:55:51.913+08:00,677.551235,10.398962231,3760
2026-09-17T09:55:51.936+08:00,677.573866,10.432285434,4138
2026-09-17T09:55:51.970+08:00,677.608115,10.465608985,4436
2026-09-17T09:55:52.003+08:00,677.641109,10.49893288,4752
2026-09-17T09:55:52.036+08:00,677.673854,10.532257118,4827
2026-09-17T09:55:52.070+08:00,677.708822,10.565581695,5042
2026-09-17T09:55:52.103+08:00,677.741600,10.598906608,5035
2026-09-17T09:55:52.138+08:00,677.776628,10.632231856,5478
2026-09-17T09:55:52.170+08:00,677.808724,10.665557435,5330
2026-09-17T09:55:52.203+08:00,677.841760,10.698883342,5534
2026-09-17T09:55:52.238+08:00,677.875983,10.732209576,5635
2026-09-17T09:55:52.271+08:00,677.909050,10.765536134,5814
2026-09-17T09:55:52.305+08:00,677.942894,10.798863012,5740
2026-09-17T09:55:52.337+08:00,677.975625,10.832190209,5626
2026-09-17T09:55:52.395+08:00,678.033686,10.865517722,5684
2026-09-17T09:55:52.407+08:00,678.045396,10.898845547,5733
2026-09-17T09:55:52.438+08:00,678.076301,10.932173684,5829
2026-09-17T09:55:52.472+08:00,678.110472,10.965502129,6099
2026-09-17T09:55:52.505+08:00,678.143276,10.998830879,6215
2026-09-17T09:55:52.537+08:00,678.175022,11.032159933,6229
2026-09-17T09:55:52.572+08:00,678.210016,11.065489288,6039
2026-09-17T09:55:52.604+08:00,678.242655,11.09881894,6046
2026-09-17T09:55:52.638+08:00,678.276093,11.132148889,6065
2026-09-17T09:55:52.671+08:00,678.309096,11.165479132,6096
2026-09-17T09:55:52.703+08:00,678.341104,11.198809666,5966
2026-09-17T09:55:52.738+08:00,678.376623,11.23214049,6149
2026-09-17T09:55:52.769+08:00,678.406850,11.265461177,6178
2026-09-17T09:55:52.801+08:00,678.439775,11.298780541,6005
2026-09-17T09:55:52.902+08:00,678.540662,11.332100284,54152
2026-09-17T09:55:52.907+08:00,678.545254,11.365420403,3456
2026-09-17T09:55:52.912+08:00,678.550667,11.398740893,3994
2026-09-17T09:55:52.935+08:00,678.573522,11.432061754,4251
2026-09-17T09:55:52.969+08:00,678.607200,11.465382981,4461
2026-09-17T09:55:53.003+08:00,678.640865,11.498704571,4793
2026-09-17T09:55:53.035+08:00,678.672952,11.532026522,5025
2026-09-17T09:55:53.070+08:00,678.708583,11.565348831,5137
2026-09-17T09:55:53.103+08:00,678.741461,11.598671494,5350
2026-09-17T09:55:53.137+08:00,678.775279,11.63199451,5563
2026-09-17T09:55:53.170+08:00,678.808589,11.665317875,5628
2026-09-17T09:55:53.202+08:00,678.840258,11.698641585,5685
2026-09-17T09:55:53.237+08:00,678.875433,11.73196564,5524
2026-09-17T09:55:53.270+08:00,678.908261,11.765290036,5420
2026-09-17T09:55:53.304+08:00,678.942193,11.798614769,5830
2026-09-17T09:55:53.337+08:00,678.975268,11.831939839,5751
2026-09-17T09:55:53.370+08:00,679.007913,11.865265241,6035
2026-09-17T09:55:53.405+08:00,679.043790,11.898590973,6428
2026-09-17T09:55:53.460+08:00,679.098401,11.931917033,6475
2026-09-17T09:55:53.471+08:00,679.109092,11.965243418,6265
2026-09-17T09:55:53.505+08:00,679.143012,11.998570124,6268
2026-09-17T09:55:53.536+08:00,679.174085,12.031897151,6015
2026-09-17T09:55:53.572+08:00,679.210165,12.065224495,5830
2026-09-17T09:55:53.604+08:00,679.242132,12.098552153,5692
2026-09-17T09:55:53.637+08:00,679.275702,12.131880124,5970
2026-09-17T09:55:53.671+08:00,679.309222,12.165208404,6114
2026-09-17T09:55:53.702+08:00,679.340607,12.198536292,6147
2026-09-17T09:55:53.737+08:00,679.375676,12.231864491,6074
2026-09-17T09:55:53.769+08:00,679.406984,12.26518471,6467
2026-09-17T09:55:53.802+08:00,679.440090,12.298505299,6241
2026-09-17T09:55:53.903+08:00,679.541486,12.331826258,54219
2026-09-17T09:55:53.908+08:00,679.546433,12.365147583,3643
2026-09-17T09:55:53.914+08:00,679.552027,12.398469269,4040
2026-09-17T09:55:53.933+08:00,679.571428,12.431791316,4598
2026-09-17T09:55:53.968+08:00,679.606276,12.46511372,4452
2026-09-17T09:55:54.001+08:00,679.639178,12.498436477,4404
2026-09-17T09:55:54.034+08:00,679.671973,12.531759587,4806
2026-09-17T09:55:54.070+08:00,679.707883,12.565083045,5019
2026-09-17T09:55:54.103+08:00,679.740923,12.598406848,5200
2026-09-17T09:55:54.136+08:00,679.774341,12.631730995,5270
2026-09-17T09:55:54.170+08:00,679.808377,12.665055482,5393
2026-09-17T09:55:54.202+08:00,679.839979,12.698380305,5449
2026-09-17T09:55:54.237+08:00,679.875489,12.731705464,5587
2026-09-17T09:55:54.270+08:00,679.908728,12.765030955,5690
2026-09-17T09:55:54.302+08:00,679.940735,12.798356774,5494
2026-09-17T09:55:54.334+08:00,679.972406,12.831676818,5860
2026-09-17T09:55:54.368+08:00,680.006501,12.864997235,5806
2026-09-17T09:55:54.405+08:00,680.043261,12.898318021,5975
2026-09-17T09:55:54.435+08:00,680.073389,12.931639175,6177
2026-09-17T09:55:54.469+08:00,680.107211,12.964960693,6144
2026-09-17T09:55:54.530+08:00,680.168572,12.998282571,6110
2026-09-17T09:55:54.542+08:00,680.180115,13.031604808,6219
2026-09-17T09:55:54.573+08:00,680.211123,13.064927401,6071
2026-09-17T09:55:54.604+08:00,680.242505,13.098250345,6177
2026-09-17T09:55:54.637+08:00,680.275440,13.13157364,6057
2026-09-17T09:55:54.671+08:00,680.309161,13.164897282,6199
2026-09-17T09:55:54.703+08:00,680.341268,13.198221267,6460
2026-09-17T09:55:54.738+08:00,680.376671,13.231545595,6541
2026-09-17T09:55:54.771+08:00,680.409443,13.264870262,6481
2026-09-17T09:55:54.802+08:00,680.440129,13.29819228,6441
2026-09-17T09:55:54.903+08:00,680.541136,13.331514656,54192
2026-09-17T09:55:54.908+08:00,680.546139,13.364837387,3501
2026-09-17T09:55:54.913+08:00,680.551325,13.398160468,4099
2026-09-17T09:55:54.935+08:00,680.572977,13.431483899,4207
2026-09-17T09:55:54.968+08:00,680.606457,13.464807676,4451
2026-09-17T09:55:55.002+08:00,680.639888,13.498131795,4676
2026-09-17T09:55:55.034+08:00,680.672578,13.531456255,4713
2026-09-17T09:55:55.069+08:00,680.707663,13.564781053,4929
2026-09-17T09:55:55.103+08:00,680.740925,13.598106185,5411
2026-09-17T09:55:55.137+08:00,680.774946,13.63143165,5696
2026-09-17T09:55:55.170+08:00,680.807985,13.664757445,5403
2026-09-17T09:55:55.201+08:00,680.839803,13.698083566,5460
2026-09-17T09:55:55.237+08:00,680.875292,13.731410012,5437
2026-09-17T09:55:55.269+08:00,680.907544,13.76473678,5391
2026-09-17T09:55:55.304+08:00,680.942420,13.798063866,5611
2026-09-17T09:55:55.334+08:00,680.972191,13.831385861,5700
2026-09-17T09:55:55.368+08:00,681.006731,13.864708213,5666
2026-09-17T09:55:55.402+08:00,681.040560,13.898030919,5780
2026-09-17T09:55:55.435+08:00,681.072900,13.931353978,5837
2026-09-17T09:55:55.469+08:00,681.107350,13.964677385,5723
2026-09-17T09:55:55.503+08:00,681.141810,13.998001137,5931
2026-09-17T09:55:55.535+08:00,681.173530,14.031325234,6114
2026-09-17T09:55:55.596+08:00,681.234666,14.064649671,6362
2026-09-17T09:55:55.607+08:00,681.245738,14.097974445,6293
2026-09-17T09:55:55.638+08:00,681.276054,14.131299555,6557
2026-09-17T09:55:55.671+08:00,681.309654,14.164624998,6403
2026-09-17T09:55:55.703+08:00,681.341409,14.19795077,6497
2026-09-17T09:55:55.738+08:00,681.376318,14.23127687,6477
2026-09-17T09:55:55.768+08:00,681.406407,14.264599557,6335
2026-09-17T09:55:55.801+08:00,681.439454,14.297921207,6270
2026-09-17T09:55:55.902+08:00,681.540351,14.331243219,54135
2026-09-17T09:55:55.907+08:00,681.545119,14.364565588,3542
2026-09-17T09:55:55.930+08:00,681.568732,14.39788831,4042
2026-09-17T09:55:55.932+08:00,681.570707,14.431211385,4135
2026-09-17T09:55:55.965+08:00,681.603463,14.464530256,4527
2026-09-17T09:55:56.000+08:00,681.638515,14.497849508,4635
2026-09-17T09:55:56.033+08:00,681.671406,14.531169141,4757
2026-09-17T09:55:56.069+08:00,681.707139,14.56448915,4867
2026-09-17T09:55:56.102+08:00,681.740208,14.597809531,5119
2026-09-17T09:55:56.135+08:00,681.772903,14.631130284,4978
2026-09-17T09:55:56.169+08:00,681.807226,14.664451404,5228
2026-09-17T09:55:56.201+08:00,681.839480,14.697772887,5452
2026-09-17T09:55:56.237+08:00,681.875409,14.731094733,5551
2026-09-17T09:55:56.269+08:00,681.907748,14.764416937,5807
2026-09-17T09:55:56.304+08:00,681.942794,14.797739496,5823
2026-09-17T09:55:56.336+08:00,681.974408,14.831062409,5800
2026-09-17T09:55:56.368+08:00,682.006277,14.864385672,5865
2026-09-17T09:55:56.403+08:00,682.041752,14.897709281,5740
2026-09-17T09:55:56.436+08:00,682.074621,14.931033236,5599
2026-09-17T09:55:56.469+08:00,682.107570,14.964357532,5727
2026-09-17T09:55:56.504+08:00,682.142411,14.997682166,5707
2026-09-17T09:55:56.535+08:00,682.173132,15.031007137,5815
2026-09-17T09:55:56.571+08:00,682.208886,15.064332442,5867
2026-09-17T09:55:56.601+08:00,682.239631,15.097658077,6118
2026-09-17T09:55:56.659+08:00,682.297508,15.130984041,6162
2026-09-17T09:55:56.669+08:00,682.307689,15.164310331,6061
2026-09-17T09:55:56.701+08:00,682.339541,15.197636943,6005
2026-09-17T09:55:56.737+08:00,682.375127,15.230963876,6075
2026-09-17T09:55:56.770+08:00,682.408415,15.264291127,6264
2026-09-17T09:55:56.804+08:00,682.442268,15.297618692,6398
2026-09-17T09:55:56.904+08:00,682.542111,15.330946571,54078
2026-09-17T09:55:56.908+08:00,682.546706,15.364274761,3562
2026-09-17T09:55:56.914+08:00,682.552415,15.397603257,4072
2026-09-17T09:55:56.932+08:00,682.570127,15.43092827,4160
2026-09-17T09:55:56.965+08:00,682.602889,15.46424774,4293
2026-09-17T09:55:56.998+08:00,682.636764,15.497567587,4524
2026-09-17T09:55:57.033+08:00,682.671227,15.530887809,4877
2026-09-17T09:55:57.068+08:00,682.706538,15.564208403,5078
2026-09-17T09:55:57.099+08:00,682.737651,15.597528496,5354
2026-09-17T09:55:57.134+08:00,682.772304,15.630848962,5329
2026-09-17T09:55:57.170+08:00,682.808046,15.664169798,5555
2026-09-17T09:55:57.202+08:00,682.840580,15.697491,5854
2026-09-17T09:55:57.236+08:00,682.874633,15.730812566,5697
2026-09-17T09:55:57.270+08:00,682.907971,15.764134493,5871
2026-09-17T09:55:57.304+08:00,682.942445,15.797456777,5795
2026-09-17T09:55:57.336+08:00,682.974633,15.830779417,5906
2026-09-17T09:55:57.368+08:00,683.006365,15.864102409,5814
2026-09-17T09:55:57.404+08:00,683.042046,15.89742575,6018
2026-09-17T09:55:57.437+08:00,683.075769,15.930749438,6186
2026-09-17T09:55:57.468+08:00,683.105869,15.96407347,6184
2026-09-17T09:55:57.502+08:00,683.140157,15.997397842,6229
2026-09-17T09:55:57.535+08:00,683.173408,16.030722554,6410
2026-09-17T09:55:57.571+08:00,683.209022,16.064047601,6454
2026-09-17T09:55:57.602+08:00,683.240519,16.09737298,6877
2026-09-17T09:55:57.635+08:00,683.273320,16.130697872,6635
2026-09-17T09:55:57.668+08:00,683.306394,16.164019918,6647
2026-09-17T09:55:57.725+08:00,683.363404,16.19734232,6680
2026-09-17T09:55:57.736+08:00,683.373893,16.230665077,6434
2026-09-17T09:55:57.770+08:00,683.408352,16.263988185,6407
2026-09-17T09:55:57.804+08:00,683.442532,16.297311641,6383
2026-09-17T09:55:57.902+08:00,683.540474,16.330635444,54208
2026-09-17T09:55:57.907+08:00,683.545152,16.363959589,3448
2026-09-17T09:55:57.912+08:00,683.550566,16.397284074,3998
2026-09-17T09:55:57.934+08:00,683.572299,16.430608897,4366
2026-09-17T09:55:57.967+08:00,683.605340,16.463934055,4291
2026-09-17T09:55:58.001+08:00,683.638892,16.497259544,4458
2026-09-17T09:55:58.034+08:00,683.671990,16.530585363,4719
2026-09-17T09:55:58.068+08:00,683.706840,16.563911509,5012
2026-09-17T09:55:58.102+08:00,683.740228,16.597237978,5224
2026-09-17T09:55:58.135+08:00,683.773783,16.63056477,5403
2026-09-17T09:55:58.169+08:00,683.807785,16.663891881,5693
2026-09-17T09:55:58.201+08:00,683.839460,16.697219307,5632
2026-09-17T09:55:58.236+08:00,683.874224,16.730547048,5594
2026-09-17T09:55:58.267+08:00,683.904974,16.763871171,5684
2026-09-17T09:55:58.300+08:00,683.938165,16.797195127,5678
2026-09-17T09:55:58.334+08:00,683.972593,16.830519425,5876
2026-09-17T09:55:58.368+08:00,684.006487,16.863844062,6138
2026-09-17T09:55:58.404+08:00,684.042253,16.897169034,6087
2026-09-17T09:55:58.436+08:00,684.074228,16.930494341,5888
2026-09-17T09:55:58.469+08:00,684.107396,16.963819979,6001
2026-09-17T09:55:58.504+08:00,684.142261,16.997145944,5912
2026-09-17T09:55:58.535+08:00,684.173268,17.030472236,6018
2026-09-17T09:55:58.570+08:00,684.208263,17.063798851,5985
2026-09-17T09:55:58.604+08:00,684.242569,17.097125785,6018
2026-09-17T09:55:58.636+08:00,684.274324,17.130453038,5920
2026-09-17T09:55:58.670+08:00,684.307840,17.163780606,5992
2026-09-17T09:55:58.701+08:00,684.339747,17.197108486,6133
2026-09-17T09:55:58.738+08:00,684.376354,17.230436677,6322
2026-09-17T09:55:58.794+08:00,684.432199,17.263765176,6126
2026-09-17T09:55:58.806+08:00,684.444620,17.29709398,6282
2026-09-17T09:55:58.904+08:00,684.542302,17.330423087,54304
2026-09-17T09:55:58.908+08:00,684.546758,17.363752495,3364
2026-09-17T09:55:58.914+08:00,684.552259,17.3970822,4062
2026-09-17T09:55:58.934+08:00,684.571919,17.430412202,4299
2026-09-17T09:55:58.967+08:00,684.605364,17.463742497,4285
2026-09-17T09:55:58.999+08:00,684.637229,17.497073082,4484
2026-09-17T09:55:59.033+08:00,684.670864,17.530401054,4873
2026-09-17T09:55:59.068+08:00,684.706622,17.563729336,5198
2026-09-17T09:55:59.099+08:00,684.737374,17.597051986,5148
2026-09-17T09:55:59.132+08:00,684.770662,17.630374989,5247
2026-09-17T09:55:59.166+08:00,684.804034,17.663697037,5400
2026-09-17T09:55:59.200+08:00,684.838657,17.697019441,5542
2026-09-17T09:55:59.235+08:00,684.873573,17.730342201,5384
2026-09-17T09:55:59.268+08:00,684.906683,17.763665312,5457
2026-09-17T09:55:59.302+08:00,684.940495,17.79698877,5600
2026-09-17T09:55:59.336+08:00,684.974376,17.830312575,5571
2026-09-17T09:55:59.367+08:00,685.005453,17.863636723,5721
2026-09-17T09:55:59.403+08:00,685.041141,17.89696121,5629
2026-09-17T09:55:59.435+08:00,685.073551,17.930286035,5528
2026-09-17T09:55:59.468+08:00,685.106622,17.963611195,5582
2026-09-17T09:55:59.503+08:00,685.141448,17.996936686,5767
2026-09-17T09:55:59.535+08:00,685.172923,18.030262508,6038
2026-09-17T09:55:59.570+08:00,685.207895,18.063588656,5873
2026-09-17T09:55:59.603+08:00,685.241770,18.096915127,6450
2026-09-17T09:55:59.636+08:00,685.274726,18.130241921,6249
2026-09-17T09:55:59.669+08:00,685.307774,18.163569034,6174
2026-09-17T09:55:59.701+08:00,685.339204,18.196896462,6130
2026-09-17T09:55:59.735+08:00,685.373620,18.230224205,5984
2026-09-17T09:55:59.767+08:00,685.405237,18.263545095,6056
2026-09-17T09:55:59.800+08:00,685.438250,18.296866351,6098
2026-09-17T09:55:59.928+08:00,685.566621,18.330187971,54120
2026-09-17T09:55:59.932+08:00,685.570740,18.363509951,3406
2026-09-17T09:55:59.938+08:00,685.576550,18.396832288,4074
2026-09-17T09:55:59.944+08:00,685.582164,18.43015498,4246
2026-09-17T09:55:59.967+08:00,685.605378,18.463478024,4397
2026-09-17T09:56:00.000+08:00,685.638820,18.496801416,4664
2026-09-17T09:56:00.033+08:00,685.671496,18.530125155,4770
2026-09-17T09:56:00.068+08:00,685.706655,18.563449238,4995
2026-09-17T09:56:00.099+08:00,685.736919,18.596772102,5062
2026-09-17T09:56:00.132+08:00,685.770271,18.630094066,5165
2026-09-17T09:56:00.166+08:00,685.803919,18.663416387,5288
2026-09-17T09:56:00.200+08:00,685.837952,18.696739062,5314
2026-09-17T09:56:00.236+08:00,685.874433,18.73006209,5625
2026-09-17T09:56:00.269+08:00,685.906956,18.763385467,6060
2026-09-17T09:56:00.302+08:00,685.940665,18.796709189,5914
2026-09-17T09:56:00.336+08:00,685.973885,18.830033256,5939
2026-09-17T09:56:00.367+08:00,686.005837,18.863357664,5879
2026-09-17T09:56:00.403+08:00,686.041274,18.896682409,5782
2026-09-17T09:56:00.436+08:00,686.074295,18.93000749,5691
2026-09-17T09:56:00.469+08:00,686.106893,18.963332904,5778
2026-09-17T09:56:00.502+08:00,686.140654,18.996658647,5875
2026-09-17T09:56:00.534+08:00,686.172513,19.029984718,5857
2026-09-17T09:56:00.570+08:00,686.208600,19.063311114,5948
2026-09-17T09:56:00.602+08:00,686.240502,19.096637831,5708
2026-09-17T09:56:00.636+08:00,686.274053,19.129964869,5843
2026-09-17T09:56:00.669+08:00,686.306878,19.163292224,5782
2026-09-17T09:56:00.701+08:00,686.339107,19.196619892,6041
2026-09-17T09:56:00.737+08:00,686.375239,19.229947873,5879
2026-09-17T09:56:00.768+08:00,686.406796,19.263276164,5943
2026-09-17T09:56:00.802+08:00,686.440613,19.296604761,5984
2026-09-17T09:56:00.902+08:00,686.540324,19.329933663,54087
2026-09-17T09:56:00.907+08:00,686.545212,19.363262867,3739
2026-09-17T09:56:00.924+08:00,686.562082,19.39659237,4041
2026-09-17T09:56:00.935+08:00,686.573460,19.429922171,4328
2026-09-17T09:56:00.968+08:00,686.606229,19.463252267,4600
2026-09-17T09:56:01.001+08:00,686.639175,19.496582655,4659
2026-09-17T09:56:01.032+08:00,686.670453,19.529912348,4835
2026-09-17T09:56:01.068+08:00,686.706474,19.563242337,5066
2026-09-17T09:56:01.100+08:00,686.738847,19.596572618,5027
2026-09-17T09:56:01.134+08:00,686.772170,19.629903191,5114
2026-09-17T09:56:01.168+08:00,686.806069,19.663234053,5111
2026-09-17T09:56:01.199+08:00,686.837812,19.696563011,5278
2026-09-17T09:56:01.235+08:00,686.873143,19.729892272,5484
2026-09-17T09:56:01.267+08:00,686.905318,19.763221832,5520
2026-09-17T09:56:01.299+08:00,686.937436,19.796546368,5559
2026-09-17T09:56:01.333+08:00,686.971301,19.829871242,5578
2026-09-17T09:56:01.367+08:00,687.005012,19.863196451,5571
2026-09-17T09:56:01.403+08:00,687.040949,19.89652199,5940
2026-09-17T09:56:01.435+08:00,687.073220,19.929847859,5921
2026-09-17T09:56:01.468+08:00,687.106830,19.963174055,6059
2026-09-17T09:56:01.503+08:00,687.141167,19.996500574,6163
2026-09-17T09:56:01.534+08:00,687.172115,20.029827415,6006
2026-09-17T09:56:01.569+08:00,687.207831,20.063154574,6193
2026-09-17T09:56:01.603+08:00,687.240860,20.096482048,6083
2026-09-17T09:56:01.636+08:00,687.274038,20.129809837,6201
2026-09-17T09:56:01.668+08:00,687.306770,20.163137937,5818
2026-09-17T09:56:01.701+08:00,687.338989,20.196466344,5998
2026-09-17T09:56:01.737+08:00,687.374934,20.229795059,6261
2026-09-17T09:56:01.769+08:00,687.407808,20.263124077,6348
2026-09-17T09:56:01.802+08:00,687.440509,20.296453395,6036
2026-09-17T09:56:01.903+08:00,687.541418,20.329783013,54239
2026-09-17T09:56:01.907+08:00,687.545845,20.363112928,3243
2026-09-17T09:56:01.913+08:00,687.551209,20.396443136,4029
2026-09-17T09:56:01.931+08:00,687.569309,20.429772552,4027
2026-09-17T09:56:01.990+08:00,687.628526,20.463102266,4170
2026-09-17T09:56:02.003+08:00,687.641207,20.496432275,4537
2026-09-17T09:56:02.033+08:00,687.670868,20.529762578,4674
2026-09-17T09:56:02.069+08:00,687.707733,20.563093172,5010
2026-09-17T09:56:02.101+08:00,687.739352,20.596424054,5266
2026-09-17T09:56:02.134+08:00,687.772509,20.629755223,5366
2026-09-17T09:56:02.168+08:00,687.806649,20.663086676,5531
2026-09-17T09:56:02.199+08:00,687.837522,20.696415848,5289
2026-09-17T09:56:02.235+08:00,687.873150,20.729745321,5717
2026-09-17T09:56:02.266+08:00,687.904659,20.763070362,5959
2026-09-17T09:56:02.300+08:00,687.938161,20.79639492,6161
2026-09-17T09:56:02.333+08:00,687.971289,20.829717199,6269
2026-09-17T09:56:02.367+08:00,688.005797,20.863039833,6227
2026-09-17T09:56:02.403+08:00,688.041289,20.896362818,5937
2026-09-17T09:56:02.435+08:00,688.073449,20.929686153,6064
2026-09-17T09:56:02.468+08:00,688.106052,20.963009835,5904
2026-09-17T09:56:02.502+08:00,688.140701,20.99633386,6018
2026-09-17T09:56:02.534+08:00,688.171979,21.029658227,5918
2026-09-17T09:56:02.570+08:00,688.208127,21.062982932,5865
2026-09-17T09:56:02.602+08:00,688.240326,21.096307972,5878
2026-09-17T09:56:02.635+08:00,688.273377,21.129633346,5895
2026-09-17T09:56:02.669+08:00,688.307240,21.16295905,6007
2026-09-17T09:56:02.700+08:00,688.338579,21.196285081,5889
2026-09-17T09:56:02.736+08:00,688.374091,21.229611438,6056
2026-09-17T09:56:02.769+08:00,688.407306,21.262938118,6165
2026-09-17T09:56:02.803+08:00,688.441213,21.296265117,6368
2026-09-17T09:56:02.903+08:00,688.540847,21.329592434,54078
2026-09-17T09:56:02.908+08:00,688.546057,21.362920066,3767
2026-09-17T09:56:02.913+08:00,688.551395,21.396248009,3996
2026-09-17T09:56:02.933+08:00,688.571484,21.429576263,4229
2026-09-17T09:56:02.967+08:00,688.605635,21.462904824,4488
2026-09-17T09:56:02.998+08:00,688.635896,21.496229137,4596
2026-09-17T09:56:03.055+08:00,688.693312,21.52955379,4902
2026-09-17T09:56:03.066+08:00,688.704764,21.562878779,5218
2026-09-17T09:56:03.100+08:00,688.737998,21.5962041,5185
2026-09-17T09:56:03.135+08:00,688.773254,21.629529753,5151
2026-09-17T09:56:03.168+08:00,688.806170,21.662855734,5339
2026-09-17T09:56:03.200+08:00,688.838337,21.696182039,5457
2026-09-17T09:56:03.235+08:00,688.873773,21.729508668,5487
2026-09-17T09:56:03.266+08:00,688.904224,21.762834033,5808
2026-09-17T09:56:03.299+08:00,688.937829,21.796159727,5895
2026-09-17T09:56:03.333+08:00,688.971419,21.829485223,6190
2026-09-17T09:56:03.367+08:00,689.005576,21.862811049,6278
2026-09-17T09:56:03.403+08:00,689.041187,21.8961372,6273
2026-09-17T09:56:03.432+08:00,689.070807,21.929460227,6056
2026-09-17T09:56:03.466+08:00,689.104739,21.962783603,6265
2026-09-17T09:56:03.499+08:00,689.137410,21.996107325,5913
2026-09-17T09:56:03.533+08:00,689.171787,22.029431391,6065
2026-09-17T09:56:03.569+08:00,689.207647,22.062755798,6189
2026-09-17T09:56:03.603+08:00,689.241639,22.096080542,6274
2026-09-17T09:56:03.636+08:00,689.274192,22.129405622,6443
2026-09-17T09:56:03.669+08:00,689.307523,22.162731035,6344
2026-09-17T09:56:03.702+08:00,689.340299,22.196056777,6568
2026-09-17T09:56:03.736+08:00,689.374736,22.229382847,6320
2026-09-17T09:56:03.769+08:00,689.407025,22.262709242,6096
2026-09-17T09:56:03.802+08:00,689.440814,22.296035958,5902
2026-09-17T09:56:03.903+08:00,689.541156,22.329362995,54053
2026-09-17T09:56:03.907+08:00,689.545779,22.362690349,3436
2026-09-17T09:56:03.913+08:00,689.551045,22.396018017,3821
2026-09-17T09:56:03.930+08:00,689.568852,22.429345549,4232
2026-09-17T09:56:03.964+08:00,689.601911,22.46266772,4479
2026-09-17T09:56:03.999+08:00,689.637195,22.495990246,4731
2026-09-17T09:56:04.032+08:00,689.669877,22.529313126,4703
2026-09-17T09:56:04.067+08:00,689.705852,22.562636356,4950
2026-09-17T09:56:04.125+08:00,689.763430,22.595959933,5151
2026-09-17T09:56:04.137+08:00,689.775415,22.629283855,5220
2026-09-17T09:56:04.170+08:00,689.807877,22.662608119,5492
2026-09-17T09:56:04.199+08:00,689.837805,22.695932722,5477
2026-09-17T09:56:04.235+08:00,689.873507,22.729257662,5558
2026-09-17T09:56:04.268+08:00,689.906420,22.762582936,5736
2026-09-17T09:56:04.302+08:00,689.940029,22.79590854,5649
2026-09-17T09:56:04.335+08:00,689.973647,22.829234473,6018
2026-09-17T09:56:04.367+08:00,690.005120,22.862560732,5998
2026-09-17T09:56:04.403+08:00,690.041009,22.895887314,6063
2026-09-17T09:56:04.433+08:00,690.071442,22.929214098,6342
2026-09-17T09:56:04.466+08:00,690.104422,22.962541201,5947
2026-09-17T09:56:04.502+08:00,690.140313,22.99586862,6045
2026-09-17T09:56:04.534+08:00,690.172143,23.029196354,6190
2026-09-17T09:56:04.570+08:00,690.208116,23.062524399,6001
2026-09-17T09:56:04.602+08:00,690.240053,23.095852752,5948
2026-09-17T09:56:04.635+08:00,690.273323,23.129181413,5980
2026-09-17T09:56:04.670+08:00,690.307859,23.162510378,6397
2026-09-17T09:56:04.700+08:00,690.338770,23.195839643,6165
2026-09-17T09:56:04.736+08:00,690.374101,23.229169208,6103
2026-09-17T09:56:04.769+08:00,690.407048,23.26249907,6111
2026-09-17T09:56:04.802+08:00,690.440827,23.295829226,5873
2026-09-17T09:56:04.902+08:00,690.540656,23.329159675,54161
2026-09-17T09:56:04.907+08:00,690.545488,23.362490414,3615
2026-09-17T09:56:04.913+08:00,690.551045,23.395821439,4031
2026-09-17T09:56:04.933+08:00,690.570969,23.42915275,4254
2026-09-17T09:56:04.966+08:00,690.604786,23.462484344,4420
2026-09-17T09:56:05.000+08:00,690.638243,23.495816218,4657
2026-09-17T09:56:05.032+08:00,690.670016,23.529146315,4920
2026-09-17T09:56:05.067+08:00,690.704968,23.562476705,5044
2026-09-17T09:56:05.098+08:00,690.736072,23.595800283,5159
2026-09-17T09:56:05.131+08:00,690.769745,23.629123668,5333
2026-09-17T09:56:05.194+08:00,690.831969,23.662447399,5433
2026-09-17T09:56:05.203+08:00,690.841074,23.695771472,5603
2026-09-17T09:56:05.236+08:00,690.874430,23.729095887,5425
2026-09-17T09:56:05.268+08:00,690.905994,23.76242064,5742
2026-09-17T09:56:05.302+08:00,690.940104,23.795745728,5636
2026-09-17T09:56:05.335+08:00,690.973013,23.829071149,5762
2026-09-17T09:56:05.367+08:00,691.005010,23.8623969,5867
2026-09-17T09:56:05.404+08:00,691.041966,23.895722977,6095
2026-09-17T09:56:05.436+08:00,691.074782,23.92904938,5889
2026-09-17T09:56:05.468+08:00,691.106589,23.962376105,6131
2026-09-17T09:56:05.502+08:00,691.140117,23.995703149,5842
2026-09-17T09:56:05.533+08:00,691.171821,24.029030511,6192
2026-09-17T09:56:05.569+08:00,691.207046,24.062358187,6078
2026-09-17T09:56:05.600+08:00,691.238695,24.095686174,6446
2026-09-17T09:56:05.634+08:00,691.272368,24.129014472,6283
2026-09-17T09:56:05.667+08:00,691.305111,24.162342162,6408
2026-09-17T09:56:05.700+08:00,691.338404,24.195670163,6341
2026-09-17T09:56:05.736+08:00,691.374013,24.228998474,6370
2026-09-17T09:56:05.767+08:00,691.405697,24.262327092,6540
2026-09-17T09:56:05.801+08:00,691.439553,24.295656013,6796
2026-09-17T09:56:05.899+08:00,691.537793,24.328985237,54071
2026-09-17T09:56:05.904+08:00,691.542585,24.362314761,3556
2026-09-17T09:56:05.910+08:00,691.548415,24.395644581,4243
2026-09-17T09:56:05.931+08:00,691.569558,24.428974697,4409
2026-09-17T09:56:05.965+08:00,691.603806,24.462305105,4513
2026-09-17T09:56:06.000+08:00,691.638599,24.495635802,4879
2026-09-17T09:56:06.033+08:00,691.671152,24.528966788,4982
2026-09-17T09:56:06.068+08:00,691.706662,24.562298059,4854
2026-09-17T09:56:06.099+08:00,691.737451,24.595629613,5063
2026-09-17T09:56:06.133+08:00,691.771166,24.628961448,5176
2026-09-17T09:56:06.167+08:00,691.805694,24.662293562,5310
2026-09-17T09:56:06.199+08:00,691.837755,24.695625952,5532
2026-09-17T09:56:06.260+08:00,691.898554,24.728958617,5806
2026-09-17T09:56:06.272+08:00,691.910427,24.762291554,5876
2026-09-17T09:56:06.304+08:00,691.942197,24.79562476,6050
2026-09-17T09:56:06.335+08:00,691.973423,24.828958234,6099
2026-09-17T09:56:06.367+08:00,692.005612,24.862291974,6120
2026-09-17T09:56:06.403+08:00,692.041464,24.895625976,5923
2026-09-17T09:56:06.435+08:00,692.072986,24.928960241,5686
2026-09-17T09:56:06.468+08:00,692.106812,24.962294765,5845
2026-09-17T09:56:06.503+08:00,692.141600,24.995629545,6269
2026-09-17T09:56:06.534+08:00,692.172619,25.028964581,6365
2026-09-17T09:56:06.571+08:00,692.208994,25.06229987,6655
2026-09-17T09:56:06.600+08:00,692.238459,25.095628353,6395
2026-09-17T09:56:06.633+08:00,692.270989,25.128955866,6004
2026-09-17T09:56:06.666+08:00,692.304233,25.162283692,5940
2026-09-17T09:56:06.700+08:00,692.338059,25.195611828,5877
2026-09-17T09:56:06.734+08:00,692.372745,25.228940273,5954
2026-09-17T09:56:06.767+08:00,692.405338,25.262269024,5852
2026-09-17T09:56:06.802+08:00,692.440118,25.295598077,6177
2026-09-17T09:56:06.902+08:00,692.540452,25.328927432,54224
2026-09-17T09:56:06.907+08:00,692.545124,25.362257086,3490
2026-09-17T09:56:06.912+08:00,692.550642,25.395587035,4046
2026-09-17T09:56:06.932+08:00,692.570773,25.428917279,4167
2026-09-17T09:56:06.967+08:00,692.605031,25.462247814,4107
2026-09-17T09:56:06.999+08:00,692.637655,25.495578637,4288
2026-09-17T09:56:07.032+08:00,692.670217,25.528909748,4856
2026-09-17T09:56:07.067+08:00,692.705097,25.562241143,4650
2026-09-17T09:56:07.100+08:00,692.738625,25.595572819,4946
2026-09-17T09:56:07.134+08:00,692.772185,25.628904776,5251
2026-09-17T09:56:07.167+08:00,692.805692,25.662237011,5288
2026-09-17T09:56:07.199+08:00,692.837584,25.695569521,5334
2026-09-17T09:56:07.234+08:00,692.872807,25.728902305,5408
2026-09-17T09:56:07.268+08:00,692.906417,25.76223536,5725
2026-09-17T09:56:07.326+08:00,692.964685,25.795568683,6010
2026-09-17T09:56:07.338+08:00,692.976709,25.828902274,5886
2026-09-17T09:56:07.367+08:00,693.005417,25.862236129,5840
2026-09-17T09:56:07.403+08:00,693.041431,25.895570246,5512
2026-09-17T09:56:07.434+08:00,693.072657,25.928904624,5513
2026-09-17T09:56:07.468+08:00,693.106584,25.96223926,5566
2026-09-17T09:56:07.502+08:00,693.140597,25.995574152,5648
2026-09-17T09:56:07.533+08:00,693.171520,26.028909241,5871
2026-09-17T09:56:07.569+08:00,693.206950,26.062244583,6235
2026-09-17T09:56:07.600+08:00,693.238335,26.095575505,6187
2026-09-17T09:56:07.633+08:00,693.271316,26.128903699,6236
2026-09-17T09:56:07.666+08:00,693.304091,26.162232201,5875
2026-09-17T09:56:07.699+08:00,693.337827,26.195561007,5692
2026-09-17T09:56:07.736+08:00,693.374555,26.228890117,5922
2026-09-17T09:56:07.768+08:00,693.406691,26.262219527,6059
2026-09-17T09:56:07.802+08:00,693.440428,26.295549234,6304
2026-09-17T09:56:07.902+08:00,693.540450,26.328879238,54265
2026-09-17T09:56:07.907+08:00,693.545229,26.362209535,3568
2026-09-17T09:56:07.913+08:00,693.550888,26.395540122,4199
2026-09-17T09:56:07.931+08:00,693.568974,26.428870833,4396
2026-09-17T09:56:07.964+08:00,693.601950,26.462196748,4639
2026-09-17T09:56:07.997+08:00,693.635460,26.495522832,4716
2026-09-17T09:56:08.031+08:00,693.669766,26.528849242,4803
2026-09-17T09:56:08.068+08:00,693.705920,26.562175974,4913
2026-09-17T09:56:08.100+08:00,693.738716,26.595503024,5068
2026-09-17T09:56:08.134+08:00,693.771945,26.628830392,5291
2026-09-17T09:56:08.168+08:00,693.805981,26.662158075,5528
2026-09-17T09:56:08.200+08:00,693.838546,26.695486069,5429
2026-09-17T09:56:08.235+08:00,693.873063,26.728814373,5593
2026-09-17T09:56:08.268+08:00,693.906007,26.762142984,5561
2026-09-17T09:56:08.302+08:00,693.940676,26.795471898,5724
2026-09-17T09:56:08.335+08:00,693.973823,26.828801115,5800
2026-09-17T09:56:08.392+08:00,694.030569,26.862130632,5838
2026-09-17T09:56:08.405+08:00,694.043602,26.895460445,6209
2026-09-17T09:56:08.435+08:00,694.073492,26.928790554,6189
2026-09-17T09:56:08.468+08:00,694.106295,26.962120955,5994
2026-09-17T09:56:08.503+08:00,694.141449,26.995451646,6186
2026-09-17T09:56:08.533+08:00,694.171716,27.028782625,5948
2026-09-17T09:56:08.569+08:00,694.206876,27.06211389,5770
2026-09-17T09:56:08.602+08:00,694.240790,27.095445437,5775
2026-09-17T09:56:08.633+08:00,694.271184,27.128774184,6055
2026-09-17T09:56:08.667+08:00,694.305158,27.162103234,6130
2026-09-17T09:56:08.700+08:00,694.338152,27.195432584,5907
2026-09-17T09:56:08.734+08:00,694.371954,27.228762234,5923
2026-09-17T09:56:08.767+08:00,694.405313,27.26209218,5891
2026-09-17T09:56:08.801+08:00,694.439195,27.295422419,5899
2026-09-17T09:56:08.902+08:00,694.540284,27.32875295,54044
2026-09-17T09:56:08.906+08:00,694.544814,27.36208377,3568
2026-09-17T09:56:08.912+08:00,694.550190,27.395414876,3949
2026-09-17T09:56:08.933+08:00,694.571161,27.428746267,4287
2026-09-17T09:56:08.967+08:00,694.605638,27.462077941,4593
2026-09-17T09:56:09.000+08:00,694.638105,27.495409894,4686
2026-09-17T09:56:09.032+08:00,694.670444,27.528742125,5047
2026-09-17T09:56:09.068+08:00,694.706639,27.562074632,5259
2026-09-17T09:56:09.098+08:00,694.736468,27.595401513,5419
2026-09-17T09:56:09.132+08:00,694.770240,27.628728713,5786
2026-09-17T09:56:09.166+08:00,694.803996,27.662056229,5861
2026-09-17T09:56:09.200+08:00,694.837891,27.695384057,5641
2026-09-17T09:56:09.235+08:00,694.873558,27.728712197,5703
2026-09-17T09:56:09.268+08:00,694.906119,27.762040645,5712
2026-09-17T09:56:09.301+08:00,694.939619,27.795369398,5750
2026-09-17T09:56:09.334+08:00,694.972827,27.828698455,5797
2026-09-17T09:56:09.367+08:00,695.005413,27.862027813,6030
2026-09-17T09:56:09.403+08:00,695.041612,27.895357469,6156
2026-09-17T09:56:09.459+08:00,695.097647,27.928687422,5961
2026-09-17T09:56:09.472+08:00,695.109940,27.962017669,6048
2026-09-17T09:56:09.502+08:00,695.140401,27.995348206,6121
2026-09-17T09:56:09.537+08:00,695.175191,28.028679033,6060
2026-09-17T09:56:09.569+08:00,695.207437,28.062010147,6206
2026-09-17T09:56:09.602+08:00,695.240180,28.095341544,6144
2026-09-17T09:56:09.635+08:00,695.273603,28.128673224,6293
2026-09-17T09:56:09.668+08:00,695.306697,28.162005184,6076
2026-09-17T09:56:09.700+08:00,695.338025,28.195337421,6040
2026-09-17T09:56:09.735+08:00,695.373121,28.228669934,6043
2026-09-17T09:56:09.767+08:00,695.404855,28.26200272,5920
2026-09-17T09:56:09.799+08:00,695.437482,28.295331273,6139
2026-09-17T09:56:09.900+08:00,695.538190,28.328660132,54251
2026-09-17T09:56:09.904+08:00,695.542453,28.361989293,3370
2026-09-17T09:56:09.910+08:00,695.547921,28.395318753,3900
2026-09-17T09:56:09.933+08:00,695.570971,28.428648512,4368
2026-09-17T09:56:09.967+08:00,695.605508,28.461978566,4515
2026-09-17T09:56:10.000+08:00,695.638595,28.495308912,5051
2026-09-17T09:56:10.033+08:00,695.671119,28.52863955,4969
2026-09-17T09:56:10.067+08:00,695.705600,28.561970476,4941
2026-09-17T09:56:10.100+08:00,695.738623,28.595301687,5168
2026-09-17T09:56:10.135+08:00,695.772889,28.628633182,5572
2026-09-17T09:56:10.168+08:00,695.806377,28.661964959,5820
2026-09-17T09:56:10.201+08:00,695.839365,28.695297014,6038
2026-09-17T09:56:10.237+08:00,695.874862,28.728629347,5855
2026-09-17T09:56:10.268+08:00,695.906531,28.761961954,5923
2026-09-17T09:56:10.300+08:00,695.938476,28.795294833,6033
2026-09-17T09:56:10.332+08:00,695.970711,28.828623291,6026
2026-09-17T09:56:10.366+08:00,696.004658,28.861952055,5837
2026-09-17T09:56:10.402+08:00,696.040237,28.895281121,5894
2026-09-17T09:56:10.434+08:00,696.072649,28.928610489,5710
2026-09-17T09:56:10.468+08:00,696.106170,28.961940156,6071
2026-09-17T09:56:10.530+08:00,696.168258,28.995270118,6158
2026-09-17T09:56:10.540+08:00,696.178256,29.028600374,6081
2026-09-17T09:56:10.571+08:00,696.209841,29.061930921,6374
2026-09-17T09:56:10.600+08:00,696.238216,29.095261756,6225
2026-09-17T09:56:10.633+08:00,696.271719,29.12859248,6326
2026-09-17T09:56:10.667+08:00,696.304894,29.161923492,6167
2026-09-17T09:56:10.700+08:00,696.338290,29.195254788,6151
2026-09-17T09:56:10.734+08:00,696.372542,29.228586368,5918
2026-09-17T09:56:10.765+08:00,696.403813,29.261915358,5955
2026-09-17T09:56:10.800+08:00,696.438786,29.295244649,6104
2026-09-17T09:56:10.902+08:00,696.539868,29.32857424,54149
2026-09-17T09:56:10.906+08:00,696.544424,29.361904127,3469
2026-09-17T09:56:10.912+08:00,696.550075,29.395234307,4075
2026-09-17T09:56:10.933+08:00,696.571123,29.42856478,4305
2026-09-17T09:56:10.966+08:00,696.604545,29.461895543,4600
2026-09-17T09:56:11.000+08:00,696.638161,29.495226592,4778
2026-09-17T09:56:11.032+08:00,696.669971,29.528557927,4885
2026-09-17T09:56:11.067+08:00,696.705835,29.561889545,5194
2026-09-17T09:56:11.101+08:00,696.739065,29.595221442,5414
2026-09-17T09:56:11.134+08:00,696.772434,29.628553618,5440
2026-09-17T09:56:11.167+08:00,696.805654,29.66188607,5336
2026-09-17T09:56:11.200+08:00,696.838065,29.695218795,5662
2026-09-17T09:56:11.235+08:00,696.873364,29.728551792,5636
2026-09-17T09:56:11.268+08:00,696.906214,29.761885059,5671
2026-09-17T09:56:11.301+08:00,696.939788,29.795218592,5736
2026-09-17T09:56:11.334+08:00,696.972836,29.828552391,5679
2026-09-17T09:56:11.366+08:00,697.004702,29.861886453,5804
2026-09-17T09:56:11.403+08:00,697.040967,29.895220775,5730
2026-09-17T09:56:11.435+08:00,697.073269,29.928555357,5783
2026-09-17T09:56:11.468+08:00,697.106655,29.961890195,5881
2026-09-17T09:56:11.502+08:00,697.140347,29.995225287,6122
2026-09-17T09:56:11.534+08:00,697.172351,30.028560633,6052
2026-09-17T09:56:11.594+08:00,697.232220,30.061896229,5826
2026-09-17T09:56:11.604+08:00,697.242790,30.095232073,5796
2026-09-17T09:56:11.635+08:00,697.273210,30.128568164,6071
2026-09-17T09:56:11.668+08:00,697.306469,30.1619045,6282
2026-09-17T09:56:11.700+08:00,697.338806,30.195241077,6132
2026-09-17T09:56:11.736+08:00,697.374371,30.228577896,6329
2026-09-17T09:56:11.769+08:00,697.407182,30.261914954,6339
2026-09-17T09:56:11.802+08:00,697.439961,30.295252248,6043
2026-09-17T09:56:11.902+08:00,697.540311,30.328589778,54281
2026-09-17T09:56:11.907+08:00,697.544972,30.361927541,3514
2026-09-17T09:56:11.912+08:00,697.550225,30.395265534,3854
2026-09-17T09:56:11.930+08:00,697.568123,30.42859362,4102
2026-09-17T09:56:11.963+08:00,697.601353,30.461920175,4250
2026-09-17T09:56:11.997+08:00,697.635529,30.49524705,4613
2026-09-17T09:56:12.032+08:00,697.670014,30.528574244,4778
2026-09-17T09:56:12.068+08:00,697.706630,30.561901754,5393
2026-09-17T09:56:12.101+08:00,697.739189,30.595229576,5671
2026-09-17T09:56:12.135+08:00,697.772916,30.62855771,5683
2026-09-17T09:56:12.168+08:00,697.806553,30.661886152,5905
2026-09-17T09:56:12.201+08:00,697.839391,30.695214899,6016
2026-09-17T09:56:12.236+08:00,697.874213,30.72854395,5848
2026-09-17T09:56:12.266+08:00,697.904021,30.761873302,5756
2026-09-17T09:56:12.301+08:00,697.939486,30.795202952,5735
2026-09-17T09:56:12.334+08:00,697.972481,30.828532899,5927
2026-09-17T09:56:12.367+08:00,698.005252,30.86186314,6060
2026-09-17T09:56:12.403+08:00,698.041364,30.895193671,5919
2026-09-17T09:56:12.436+08:00,698.074096,30.928524492,5941
2026-09-17T09:56:12.468+08:00,698.105831,30.9618556,5582
2026-09-17T09:56:12.503+08:00,698.141139,30.995186991,5667
2026-09-17T09:56:12.533+08:00,698.171568,31.028518666,5777
2026-09-17T09:56:12.569+08:00,698.207067,31.061850621,5748
2026-09-17T09:56:12.603+08:00,698.241402,31.095182852,6094
2026-09-17T09:56:12.659+08:00,698.297542,31.12851536,6000
2026-09-17T09:56:12.670+08:00,698.308074,31.161848141,6067
2026-09-17T09:56:12.700+08:00,698.338115,31.195181192,6011
2026-09-17T09:56:12.737+08:00,698.374894,31.228514513,5845
2026-09-17T09:56:12.767+08:00,698.405039,31.261848101,6063
2026-09-17T09:56:12.801+08:00,698.439363,31.295181952,5986
2026-09-17T09:56:12.902+08:00,698.540555,31.328516067,54171
2026-09-17T09:56:12.907+08:00,698.545200,31.361850442,3389
2026-09-17T09:56:12.912+08:00,698.550562,31.395185075,3819
2026-09-17T09:56:12.933+08:00,698.571028,31.428519965,4199
2026-09-17T09:56:12.964+08:00,698.601942,31.46185112,4357
2026-09-17T09:56:12.997+08:00,698.635739,31.495181858,4730
2026-09-17T09:56:13.032+08:00,698.670051,31.528512884,4939
2026-09-17T09:56:13.067+08:00,698.705359,31.561844195,5218
2026-09-17T09:56:13.098+08:00,698.736278,31.595174803,5066
2026-09-17T09:56:13.131+08:00,698.769607,31.628503755,5194
2026-09-17T09:56:13.165+08:00,698.803143,31.661833009,5443
2026-09-17T09:56:13.199+08:00,698.837550,31.695162561,5433
2026-09-17T09:56:13.235+08:00,698.873591,31.728492411,5438
2026-09-17T09:56:13.268+08:00,698.905881,31.761822556,5534
2026-09-17T09:56:13.302+08:00,698.940803,31.795152992,5710
2026-09-17T09:56:13.336+08:00,698.974466,31.828483719,6095
2026-09-17T09:56:13.367+08:00,699.005534,31.861814733,6051
2026-09-17T09:56:13.403+08:00,699.041521,31.895146031,5941
2026-09-17T09:56:13.436+08:00,699.074178,31.928477613,5917
2026-09-17T09:56:13.468+08:00,699.106580,31.961809476,5958
2026-09-17T09:56:13.503+08:00,699.141584,31.995141617,6215
2026-09-17T09:56:13.533+08:00,699.171505,32.028474035,5956
2026-09-17T09:56:13.569+08:00,699.207322,32.061806727,6136
2026-09-17T09:56:13.599+08:00,699.237357,32.095137065,6061
2026-09-17T09:56:13.634+08:00,699.272715,32.128467695,6022
2026-09-17T09:56:13.669+08:00,699.306949,32.161798613,6261
2026-09-17T09:56:13.726+08:00,699.364773,32.195129816,6298
2026-09-17T09:56:13.739+08:00,699.377029,32.228461304,6373
2026-09-17T09:56:13.770+08:00,699.408620,32.261793073,6630
2026-09-17T09:56:13.801+08:00,699.439385,32.29512512,6199
2026-09-17T09:56:13.902+08:00,699.540104,32.328457445,54031
2026-09-17T09:56:13.906+08:00,699.544577,32.361790045,3400
2026-09-17T09:56:13.911+08:00,699.549799,32.395122916,3791
2026-09-17T09:56:13.933+08:00,699.570969,32.428456059,4071
2026-09-17T09:56:13.963+08:00,699.601431,32.461786349,4113
2026-09-17T09:56:13.997+08:00,699.635374,32.495116142,4471
2026-09-17T09:56:14.031+08:00,699.669523,32.528446231,4445
2026-09-17T09:56:14.067+08:00,699.705456,32.561776612,4927
2026-09-17T09:56:14.100+08:00,699.737996,32.595107283,4766
2026-09-17T09:56:14.132+08:00,699.770607,32.628438243,4860
2026-09-17T09:56:14.167+08:00,699.805351,32.661769488,4971
2026-09-17T09:56:14.200+08:00,699.838477,32.695101016,5524
2026-09-17T09:56:14.235+08:00,699.873814,32.728432826,5801
2026-09-17T09:56:14.268+08:00,699.906596,32.761764915,5781
2026-09-17T09:56:14.300+08:00,699.938407,32.795097279,5903
2026-09-17T09:56:14.332+08:00,699.970593,32.828428424,5957
2026-09-17T09:56:14.367+08:00,700.005137,32.861759853,6025
2026-09-17T09:56:14.402+08:00,700.040778,32.895091563,5963
2026-09-17T09:56:14.433+08:00,700.071085,32.928422667,6246
2026-09-17T09:56:14.466+08:00,700.104514,32.961754055,6060
2026-09-17T09:56:14.502+08:00,700.140635,32.995085725,6221
2026-09-17T09:56:14.534+08:00,700.172093,33.028417676,6190
2026-09-17T09:56:14.569+08:00,700.207535,33.061749904,6074
2026-09-17T09:56:14.601+08:00,700.239844,33.095082407,5869
2026-09-17T09:56:14.635+08:00,700.273277,33.128415184,5809
2026-09-17T09:56:14.668+08:00,700.306544,33.161748232,5784
2026-09-17T09:56:14.703+08:00,700.341075,33.195081548,5827
2026-09-17T09:56:14.734+08:00,700.372329,33.228415132,6039
2026-09-17T09:56:14.792+08:00,700.430337,33.261748981,6008
2026-09-17T09:56:14.803+08:00,700.441398,33.295083091,6207
2026-09-17T09:56:14.902+08:00,700.540434,33.328417463,54143
2026-09-17T09:56:14.906+08:00,700.544852,33.361752093,3346
2026-09-17T09:56:14.912+08:00,700.550419,33.395086978,4134
2026-09-17T09:56:14.933+08:00,700.571144,33.428422119,4177
2026-09-17T09:56:14.967+08:00,700.605089,33.461757512,4562
2026-09-17T09:56:15.000+08:00,700.638484,33.495093154,4757
2026-09-17T09:56:15.032+08:00,700.670260,33.528429045,4794
2026-09-17T09:56:15.067+08:00,700.705641,33.561765182,5151
2026-09-17T09:56:15.099+08:00,700.736865,33.595095862,5583
2026-09-17T09:56:15.133+08:00,700.771311,33.62842683,5397
2026-09-17T09:56:15.168+08:00,700.806206,33.661758084,5531
2026-09-17T09:56:15.201+08:00,700.839303,33.69508962,5586
2026-09-17T09:56:15.235+08:00,700.873475,33.728421438,5715
2026-09-17T09:56:15.268+08:00,700.906348,33.761753535,5663
2026-09-17T09:56:15.303+08:00,700.940884,33.795085908,5547
2026-09-17T09:56:15.335+08:00,700.972966,33.828418556,5650
2026-09-17T09:56:15.367+08:00,701.005644,33.861751476,5908
2026-09-17T09:56:15.403+08:00,701.041417,33.895084665,5870
2026-09-17T09:56:15.435+08:00,701.073435,33.928418123,5979
2026-09-17T09:56:15.469+08:00,701.106908,33.961751847,6016
2026-09-17T09:56:15.502+08:00,701.140474,33.995085833,5950
2026-09-17T09:56:15.533+08:00,701.171689,34.028420082,5680
2026-09-17T09:56:15.569+08:00,701.207220,34.06175459,5869
2026-09-17T09:56:15.599+08:00,701.237636,34.095088195,5976
2026-09-17T09:56:15.633+08:00,701.271423,34.128422065,6116
2026-09-17T09:56:15.666+08:00,701.304545,34.161754229,6108
2026-09-17T09:56:15.701+08:00,701.339016,34.195086668,6325
2026-09-17T09:56:15.734+08:00,701.372632,34.228419382,6057
2026-09-17T09:56:15.768+08:00,701.406315,34.261752368,6128
2026-09-17T09:56:15.801+08:00,701.439323,34.295085622,5923
2026-09-17T09:56:15.927+08:00,701.565701,34.328419145,53960
2026-09-17T09:56:15.932+08:00,701.569960,34.361752933,3389
2026-09-17T09:56:15.937+08:00,701.575413,34.395086983,3914
2026-09-17T09:56:15.943+08:00,701.581211,34.428421295,4241
2026-09-17T09:56:15.967+08:00,701.605381,34.461755866,4277
2026-09-17T09:56:15.999+08:00,701.637794,34.495090692,4296
2026-09-17T09:56:16.032+08:00,701.670656,34.528425774,4466
2026-09-17T09:56:16.067+08:00,701.705733,34.561761109,4637
2026-09-17T09:56:16.098+08:00,701.736293,34.595093175,4921
2026-09-17T09:56:16.131+08:00,701.769676,34.628424291,4975
2026-09-17T09:56:16.166+08:00,701.803849,34.661755691,5340
2026-09-17T09:56:16.200+08:00,701.837888,34.695087372,5390
2026-09-17T09:56:16.235+08:00,701.873113,34.728419334,5314
2026-09-17T09:56:16.269+08:00,701.906917,34.761751574,5360
2026-09-17T09:56:16.302+08:00,701.940754,34.795084088,5410
2026-09-17T09:56:16.335+08:00,701.972926,34.828416876,5581
2026-09-17T09:56:16.367+08:00,702.005050,34.861749936,5671
2026-09-17T09:56:16.403+08:00,702.041657,34.895083263,5936
2026-09-17T09:56:16.435+08:00,702.073832,34.928416858,6104
2026-09-17T09:56:16.468+08:00,702.106665,34.961750718,5922
2026-09-17T09:56:16.503+08:00,702.141509,34.995084839,6056
2026-09-17T09:56:16.534+08:00,702.172285,35.028419221,6057
2026-09-17T09:56:16.568+08:00,702.206644,35.061753862,5908
2026-09-17T09:56:16.602+08:00,702.240429,35.095088758,6013
2026-09-17T09:56:16.635+08:00,702.273735,35.128423909,5916
2026-09-17T09:56:16.669+08:00,702.307299,35.161759312,6182
2026-09-17T09:56:16.701+08:00,702.339806,35.195094964,6294
2026-09-17T09:56:16.736+08:00,702.374711,35.228430865,6194
2026-09-17T09:56:16.767+08:00,702.405576,35.261766448,6652
2026-09-17T09:56:16.801+08:00,702.439079,35.295102279,6471
2026-09-17T09:56:16.902+08:00,702.540029,35.328438358,54331
2026-09-17T09:56:16.906+08:00,702.544582,35.361774682,3408
2026-09-17T09:56:16.924+08:00,702.562307,35.395111247,4153
2026-09-17T09:56:16.935+08:00,702.573321,35.428448054,4177
2026-09-17T09:56:16.968+08:00,702.605872,35.4617851,4498
2026-09-17T09:56:17.000+08:00,702.638634,35.495122382,4557
2026-09-17T09:56:17.033+08:00,702.670863,35.5284599,5025
2026-09-17T09:56:17.068+08:00,702.706633,35.561797651,5245
2026-09-17T09:56:17.102+08:00,702.740089,35.595135633,5812
2026-09-17T09:56:17.135+08:00,702.773210,35.628473845,5698
2026-09-17T09:56:17.169+08:00,702.807256,35.661812285,5654
2026-09-17T09:56:17.200+08:00,702.838250,35.695150949,5697
2026-09-17T09:56:17.235+08:00,702.873589,35.728489838,5739
2026-09-17T09:56:17.266+08:00,702.904813,35.761826425,5903
2026-09-17T09:56:17.300+08:00,702.938005,35.79516193,6062
2026-09-17T09:56:17.333+08:00,702.971054,35.828495168,5988
2026-09-17T09:56:17.367+08:00,703.005514,35.861828673,6065
2026-09-17T09:56:17.403+08:00,703.041265,35.895162442,6009
2026-09-17T09:56:17.436+08:00,703.074739,35.928496476,5977
2026-09-17T09:56:17.470+08:00,703.108049,35.961830771,6170
2026-09-17T09:56:17.502+08:00,703.140701,35.995165324,5960
2026-09-17T09:56:17.534+08:00,703.172651,36.028500134,6144
2026-09-17T09:56:17.569+08:00,703.207810,36.061835199,6080
2026-09-17T09:56:17.604+08:00,703.242281,36.095170516,6345
2026-09-17T09:56:17.636+08:00,703.273935,36.128506085,6108
2026-09-17T09:56:17.669+08:00,703.307630,36.161841903,6201
2026-09-17T09:56:17.701+08:00,703.339213,36.195177966,6119
2026-09-17T09:56:17.736+08:00,703.374471,36.228514275,6191
2026-09-17T09:56:17.769+08:00,703.407166,36.261850827,6025
2026-09-17T09:56:17.803+08:00,703.441535,36.295187619,6160
2026-09-17T09:56:17.903+08:00,703.541015,36.328524651,54080
2026-09-17T09:56:17.907+08:00,703.545745,36.36186192,3462
2026-09-17T09:56:17.913+08:00,703.551173,36.395199423,3926
2026-09-17T09:56:17.935+08:00,703.572804,36.428537161,4237
2026-09-17T09:56:17.991+08:00,703.628936,36.46187513,4228
2026-09-17T09:56:18.002+08:00,703.639840,36.495213328,4612
2026-09-17T09:56:18.035+08:00,703.673082,36.528551754,4662
2026-09-17T09:56:18.068+08:00,703.706454,36.561890406,4920
2026-09-17T09:56:18.101+08:00,703.739454,36.595229281,5141
2026-09-17T09:56:18.136+08:00,703.774022,36.62856838,5152
2026-09-17T09:56:18.166+08:00,703.804201,36.661903827,5473
2026-09-17T09:56:18.200+08:00,703.838472,36.695239523,5576
2026-09-17T09:56:18.235+08:00,703.873625,36.728575468,5789
2026-09-17T09:56:18.267+08:00,703.904939,36.761910783,6002
2026-09-17T09:56:18.301+08:00,703.939481,36.795246348,6150
2026-09-17T09:56:18.333+08:00,703.971327,36.828580547,6017
2026-09-17T09:56:18.367+08:00,704.005424,36.861915006,5937
2026-09-17T09:56:18.403+08:00,704.041087,36.895249721,6013
2026-09-17T09:56:18.435+08:00,704.073781,36.928584693,5906
2026-09-17T09:56:18.469+08:00,704.107716,36.961919918,6044
2026-09-17T09:56:18.503+08:00,704.141402,36.995255394,5921
2026-09-17T09:56:18.535+08:00,704.173138,37.028591121,6268
2026-09-17T09:56:18.570+08:00,704.208648,37.061927095,6159
2026-09-17T09:56:18.602+08:00,704.240835,37.095263314,6073
2026-09-17T09:56:18.636+08:00,704.274734,37.128599777,6226
2026-09-17T09:56:18.670+08:00,704.308316,37.161936482,6244
2026-09-17T09:56:18.702+08:00,704.340233,37.195273426,6392
2026-09-17T09:56:18.737+08:00,704.374915,37.228610608,6468
2026-09-17T09:56:18.767+08:00,704.405696,37.261945886,6692
2026-09-17T09:56:18.801+08:00,704.439407,37.295281414,6715
2026-09-17T09:56:18.903+08:00,704.541374,37.328617192,54205
2026-09-17T09:56:18.908+08:00,704.546233,37.361953217,3608
2026-09-17T09:56:18.913+08:00,704.551714,37.395289486,3979
2026-09-17T09:56:18.933+08:00,704.571750,37.428625999,4173
2026-09-17T09:56:18.967+08:00,704.604964,37.461962754,4419
2026-09-17T09:56:19.000+08:00,704.638495,37.495299747,4611
2026-09-17T09:56:19.058+08:00,704.696688,37.528636978,4985
2026-09-17T09:56:19.071+08:00,704.709663,37.561974445,5419
2026-09-17T09:56:19.102+08:00,704.740181,37.595312144,5739
2026-09-17T09:56:19.136+08:00,704.774070,37.628650076,5927
2026-09-17T09:56:19.169+08:00,704.807515,37.661988238,5664
2026-09-17T09:56:19.201+08:00,704.839542,37.695326627,5513
2026-09-17T09:56:19.236+08:00,704.873923,37.728665243,5424
2026-09-17T09:56:19.268+08:00,704.906634,37.762004084,5492
2026-09-17T09:56:19.302+08:00,704.940299,37.795343146,5764
2026-09-17T09:56:19.336+08:00,704.974035,37.82868243,5909
2026-09-17T09:56:19.370+08:00,705.008196,37.862021933,6007
2026-09-17T09:56:19.404+08:00,705.042345,37.895361653,6218
2026-09-17T09:56:19.434+08:00,705.072221,37.92869906,6210
2026-09-17T09:56:19.466+08:00,705.104818,37.962033624,5905
2026-09-17T09:56:19.500+08:00,705.138004,37.995368153,5963
2026-09-17T09:56:19.534+08:00,705.172673,38.02870294,6109
2026-09-17T09:56:19.569+08:00,705.207378,38.062037982,6255
2026-09-17T09:56:19.600+08:00,705.238255,38.095370335,6253
2026-09-17T09:56:19.635+08:00,705.273239,38.128702964,6269
2026-09-17T09:56:19.669+08:00,705.307466,38.162035865,6172
2026-09-17T09:56:19.701+08:00,705.339688,38.195369035,6313
2026-09-17T09:56:19.736+08:00,705.374539,38.228702474,6079
2026-09-17T09:56:19.769+08:00,705.407652,38.262036179,6076
2026-09-17T09:56:19.803+08:00,705.441280,38.295370147,6279
2026-09-17T09:56:19.903+08:00,705.541392,38.328704377,54230
2026-09-17T09:56:19.908+08:00,705.546605,38.362038867,3718
2026-09-17T09:56:19.914+08:00,705.552119,38.395373613,4155
2026-09-17T09:56:19.932+08:00,705.570148,38.428708616,4559
2026-09-17T09:56:19.965+08:00,705.603186,38.462043683,4819
2026-09-17T09:56:19.998+08:00,705.636370,38.495378675,4771
2026-09-17T09:56:20.033+08:00,705.671064,38.528713921,5087
2026-09-17T09:56:20.069+08:00,705.707689,38.562049418,5297
2026-09-17T09:56:20.126+08:00,705.764735,38.595385164,5544
2026-09-17T09:56:20.139+08:00,705.776922,38.628721158,5751
2026-09-17T09:56:20.169+08:00,705.807622,38.662057398,5703
2026-09-17T09:56:20.205+08:00,705.843564,38.69539388,6093
2026-09-17T09:56:20.236+08:00,705.874434,38.728730604,6124
2026-09-17T09:56:20.268+08:00,705.906484,38.762067568,6132
2026-09-17T09:56:20.300+08:00,705.938589,38.795404769,6116
2026-09-17T09:56:20.334+08:00,705.972122,38.828742206,5968
2026-09-17T09:56:20.368+08:00,706.006301,38.862079877,6162
2026-09-17T09:56:20.404+08:00,706.042477,38.895417779,6230
2026-09-17T09:56:20.436+08:00,706.074579,38.928755912,6121
2026-09-17T09:56:20.470+08:00,706.108503,38.962094274,6545
2026-09-17T09:56:20.503+08:00,706.141764,38.995432861,6397
2026-09-17T09:56:20.535+08:00,706.172964,39.028771674,6276
2026-09-17T09:56:20.571+08:00,706.209143,39.062110709,6238
2026-09-17T09:56:20.604+08:00,706.242646,39.095449964,6397
2026-09-17T09:56:20.636+08:00,706.273948,39.12878944,5889
2026-09-17T09:56:20.669+08:00,706.307774,39.162129133,6006
2026-09-17T09:56:20.701+08:00,706.339107,39.195469041,5792
2026-09-17T09:56:20.736+08:00,706.374701,39.228809164,5878
2026-09-17T09:56:20.770+08:00,706.408511,39.2621495,6349
2026-09-17T09:56:20.801+08:00,706.439638,39.295487874,6475
2026-09-17T09:56:20.902+08:00,706.540468,39.328826475,54089
2026-09-17T09:56:20.907+08:00,706.545237,39.3621653,3733
2026-09-17T09:56:20.913+08:00,706.551009,39.395504347,4245
2026-09-17T09:56:20.931+08:00,706.569427,39.428839897,4236
2026-09-17T09:56:20.965+08:00,706.603078,39.462174359,4687
2026-09-17T09:56:20.998+08:00,706.636668,39.495509077,4693
2026-09-17T09:56:21.033+08:00,706.671149,39.528844052,4982
2026-09-17T09:56:21.069+08:00,706.707313,39.56217928,5339
2026-09-17T09:56:21.102+08:00,706.740129,39.595514759,5355
2026-09-17T09:56:21.135+08:00,706.773293,39.628850488,5501
2026-09-17T09:56:21.195+08:00,706.833315,39.662186465,5780
2026-09-17T09:56:21.205+08:00,706.843613,39.695522686,5730
2026-09-17T09:56:21.238+08:00,706.876697,39.728859152,5805
2026-09-17T09:56:21.269+08:00,706.907329,39.76219586,5636
2026-09-17T09:56:21.303+08:00,706.940950,39.795532806,5784
2026-09-17T09:56:21.337+08:00,706.975271,39.828869991,5912
2026-09-17T09:56:21.369+08:00,707.007594,39.862207412,5771
2026-09-17T09:56:21.405+08:00,707.042855,39.895545066,5912
2026-09-17T09:56:21.436+08:00,707.074653,39.928882953,6099
2026-09-17T09:56:21.468+08:00,707.105914,39.96222107,6345
2026-09-17T09:56:21.502+08:00,707.140579,39.995559415,6580
2026-09-17T09:56:21.535+08:00,707.173125,40.028897987,6301
2026-09-17T09:56:21.570+08:00,707.208370,40.062236784,6235
2026-09-17T09:56:21.600+08:00,707.238597,40.095571858,6177
2026-09-17T09:56:21.634+08:00,707.272798,40.128907186,6362
2026-09-17T09:56:21.667+08:00,707.305756,40.162242765,6088
2026-09-17T09:56:21.701+08:00,707.338903,40.195578591,5804
2026-09-17T09:56:21.737+08:00,707.375148,40.228914665,5906
2026-09-17T09:56:21.769+08:00,707.407670,40.262250984,5949
2026-09-17T09:56:21.804+08:00,707.442164,40.295587545,6192
2026-09-17T09:56:21.904+08:00,707.541872,40.328924347,54258
2026-09-17T09:56:21.908+08:00,707.546790,40.362261388,3529
2026-09-17T09:56:21.914+08:00,707.552159,40.395598665,4084
2026-09-17T09:56:21.934+08:00,707.572510,40.428936178,4441
2026-09-17T09:56:21.969+08:00,707.607023,40.462273925,4826
2026-09-17T09:56:22.002+08:00,707.639984,40.495611902,4905
2026-09-17T09:56:22.034+08:00,707.672439,40.52895011,5094
2026-09-17T09:56:22.070+08:00,707.708153,40.562288545,5345
2026-09-17T09:56:22.102+08:00,707.740742,40.595627205,5588
2026-09-17T09:56:22.136+08:00,707.774388,40.62896609,5671
2026-09-17T09:56:22.169+08:00,707.807661,40.662305197,5871
2026-09-17T09:56:22.202+08:00,707.840188,40.695644524,6183
2026-09-17T09:56:22.262+08:00,707.899938,40.728984071,6027
2026-09-17T09:56:22.273+08:00,707.911264,40.762323835,6004
2026-09-17T09:56:22.303+08:00,707.941523,40.795663813,5953
2026-09-17T09:56:22.336+08:00,707.974783,40.829004005,5889
2026-09-17T09:56:22.369+08:00,708.007188,40.862344409,6173
2026-09-17T09:56:22.404+08:00,708.042424,40.895685022,6158
2026-09-17T09:56:22.437+08:00,708.075473,40.929025845,6169
2026-09-17T09:56:22.470+08:00,708.107907,40.962366874,6066
2026-09-17T09:56:22.503+08:00,708.141785,40.995708107,6132
2026-09-17T09:56:22.535+08:00,708.172961,41.029049545,6024
2026-09-17T09:56:22.570+08:00,708.208236,41.062391185,5965
2026-09-17T09:56:22.603+08:00,708.241387,41.095733024,6036
2026-09-17T09:56:22.634+08:00,708.272413,41.129070406,5983
2026-09-17T09:56:22.667+08:00,708.305640,41.162408022,5938
2026-09-17T09:56:22.701+08:00,708.339841,41.19574587,6141
2026-09-17T09:56:22.736+08:00,708.374554,41.229083949,6126
2026-09-17T09:56:22.767+08:00,708.405645,41.262419103,6209
2026-09-17T09:56:22.803+08:00,708.441400,41.295754508,6202
2026-09-17T09:56:22.903+08:00,708.541333,41.329090164,54131
2026-09-17T09:56:22.908+08:00,708.545987,41.362426068,3505
2026-09-17T09:56:22.913+08:00,708.551258,41.395762217,3957
2026-09-17T09:56:22.934+08:00,708.572094,41.429098612,4137
2026-09-17T09:56:22.968+08:00,708.606582,41.462435249,4387
2026-09-17T09:56:23.001+08:00,708.639684,41.495772125,4880
2026-09-17T09:56:23.033+08:00,708.671752,41.52910924,4974
2026-09-17T09:56:23.069+08:00,708.707436,41.562446592,5201
2026-09-17T09:56:23.102+08:00,708.740306,41.595784177,5237
2026-09-17T09:56:23.136+08:00,708.773933,41.629121996,5485
2026-09-17T09:56:23.170+08:00,708.807886,41.662460046,5355
2026-09-17T09:56:23.202+08:00,708.840564,41.695798324,5758
2026-09-17T09:56:23.237+08:00,708.875794,41.72913683,5920
2026-09-17T09:56:23.270+08:00,708.908273,41.762475561,6015
2026-09-17T09:56:23.327+08:00,708.965305,41.795814514,5839
2026-09-17T09:56:23.337+08:00,708.975829,41.82915369,5788
2026-09-17T09:56:23.370+08:00,709.007867,41.862493086,6119
2026-09-17T09:56:23.404+08:00,709.042769,41.895832699,6122
2026-09-17T09:56:23.437+08:00,709.074967,41.92917253,6105
2026-09-17T09:56:23.470+08:00,709.108435,41.962512575,6190
2026-09-17T09:56:23.504+08:00,709.142362,41.995852832,6235
2026-09-17T09:56:23.535+08:00,709.173304,42.029193302,6090
2026-09-17T09:56:23.570+08:00,709.208776,42.062533981,6291
2026-09-17T09:56:23.602+08:00,709.240310,42.095874645,6475
2026-09-17T09:56:23.635+08:00,709.273040,42.129210678,6499
2026-09-17T09:56:23.669+08:00,709.307131,42.162546956,6774
2026-09-17T09:56:23.702+08:00,709.340487,42.195883476,6529
2026-09-17T09:56:23.737+08:00,709.375149,42.229220238,6460
2026-09-17T09:56:23.768+08:00,709.406569,42.262557239,6199
2026-09-17T09:56:23.804+08:00,709.442227,42.295894476,6285
2026-09-17T09:56:23.903+08:00,709.541640,42.32923195,54007
2026-09-17T09:56:23.908+08:00,709.546744,42.362569657,3641
2026-09-17T09:56:23.914+08:00,709.552075,42.395907595,4157
2026-09-17T09:56:23.934+08:00,709.572818,42.429245764,4377
2026-09-17T09:56:23.968+08:00,709.606346,42.462584161,4467
2026-09-17T09:56:24.001+08:00,709.639467,42.495922783,4633
2026-09-17T09:56:24.033+08:00,709.671639,42.52926163,4702
2026-09-17T09:56:24.069+08:00,709.707184,42.5626007,4867
2026-09-17T09:56:24.102+08:00,709.740385,42.59593999,5057
2026-09-17T09:56:24.136+08:00,709.774118,42.6292795,5332
2026-09-17T09:56:24.170+08:00,709.808485,42.662619227,5799
2026-09-17T09:56:24.202+08:00,709.839871,42.695959169,6073
2026-09-17T09:56:24.237+08:00,709.875105,42.729299325,6164
2026-09-17T09:56:24.268+08:00,709.906421,42.762638547,6202
2026-09-17T09:56:24.301+08:00,709.939389,42.795976666,6179
2026-09-17T09:56:24.335+08:00,709.973004,42.829313182,6385
2026-09-17T09:56:24.392+08:00,710.030331,42.862649939,6076
2026-09-17T09:56:24.403+08:00,710.041793,42.895986934,6004
2026-09-17T09:56:24.436+08:00,710.074551,42.929324168,6048
2026-09-17T09:56:24.470+08:00,710.108464,42.962661637,6254
2026-09-17T09:56:24.504+08:00,710.142327,42.995999339,6193
2026-09-17T09:56:24.536+08:00,710.173876,43.029337273,6022
2026-09-17T09:56:24.571+08:00,710.209747,43.062675437,6029
2026-09-17T09:56:24.604+08:00,710.241884,43.096013828,5973
2026-09-17T09:56:24.637+08:00,710.274904,43.129352446,5903
2026-09-17T09:56:24.670+08:00,710.308185,43.162691289,5963
2026-09-17T09:56:24.702+08:00,710.340716,43.196030353,6256
2026-09-17T09:56:24.738+08:00,710.375927,43.229369639,6391
2026-09-17T09:56:24.768+08:00,710.406200,43.262705746,6255
2026-09-17T09:56:24.801+08:00,710.439838,43.296042096,6315
2026-09-17T09:56:24.902+08:00,710.540128,43.32937869,54059
2026-09-17T09:56:24.907+08:00,710.544940,43.362715524,3655
2026-09-17T09:56:24.912+08:00,710.550456,43.396052596,3961
2026-09-17T09:56:24.934+08:00,710.572774,43.429389906,4318
2026-09-17T09:56:24.969+08:00,710.607547,43.462727451,4694
2026-09-17T09:56:25.002+08:00,710.640085,43.496065228,4859
2026-09-17T09:56:25.035+08:00,710.672966,43.529403237,4978
2026-09-17T09:56:25.070+08:00,710.708101,43.562741475,5182
2026-09-17T09:56:25.102+08:00,710.740632,43.59607994,5207
2026-09-17T09:56:25.136+08:00,710.774226,43.629418631,5362
2026-09-17T09:56:25.169+08:00,710.807648,43.662757546,5376
2026-09-17T09:56:25.202+08:00,710.840061,43.696096682,5451
2026-09-17T09:56:25.237+08:00,710.875285,43.729436039,5498
2026-09-17T09:56:25.270+08:00,710.908458,43.762775615,5846
2026-09-17T09:56:25.304+08:00,710.942174,43.796115406,5963
2026-09-17T09:56:25.337+08:00,710.975016,43.829455413,5955
2026-09-17T09:56:25.369+08:00,711.007030,43.862795634,5962
2026-09-17T09:56:25.404+08:00,711.042442,43.896136065,5869
2026-09-17T09:56:25.460+08:00,711.098655,43.929476707,5774
2026-09-17T09:56:25.472+08:00,711.110645,43.962817557,5997
2026-09-17T09:56:25.504+08:00,711.142001,43.996158613,5822
2026-09-17T09:56:25.538+08:00,711.176417,44.029499875,5985
2026-09-17T09:56:25.571+08:00,711.209235,44.06284134,5982
2026-09-17T09:56:25.605+08:00,711.243037,44.096183006,6496
2026-09-17T09:56:25.636+08:00,711.273951,44.129523295,6565
2026-09-17T09:56:25.669+08:00,711.307312,44.162863719,6745
2026-09-17T09:56:25.703+08:00,711.340878,44.196204352,6462
2026-09-17T09:56:25.737+08:00,711.375847,44.229545194,6476
2026-09-17T09:56:25.768+08:00,711.406231,44.262881167,6248
2026-09-17T09:56:25.801+08:00,711.439476,44.296217351,6240
2026-09-17T09:56:25.902+08:00,711.539902,44.32955378,54035
2026-09-17T09:56:25.906+08:00,711.544749,44.362890451,3795
2026-09-17T09:56:25.912+08:00,711.550795,44.396227361,4586
2026-09-17T09:56:25.933+08:00,711.571731,44.42956451,5091
2026-09-17T09:56:25.967+08:00,711.605269,44.462900276,5483
2026-09-17T09:56:26.003+08:00,711.641577,44.496236288,5829
2026-09-17T09:56:26.035+08:00,711.673238,44.529572547,5893
2026-09-17T09:56:26.070+08:00,711.708451,44.562909049,5713
2026-09-17T09:56:26.103+08:00,711.741789,44.596245791,5988
2026-09-17T09:56:26.137+08:00,711.775801,44.629582774,5809
2026-09-17T09:56:26.171+08:00,711.808854,44.662919994,6150
2026-09-17T09:56:26.202+08:00,711.840265,44.696257449,5972
2026-09-17T09:56:26.237+08:00,711.875711,44.729595138,6031
2026-09-17T09:56:26.268+08:00,711.906485,44.762933059,6075
2026-09-17T09:56:26.303+08:00,711.941769,44.796271209,5962
2026-09-17T09:56:26.336+08:00,711.974388,44.829609588,5829
2026-09-17T09:56:26.369+08:00,712.006845,44.862948194,5784
2026-09-17T09:56:26.405+08:00,712.042900,44.896287023,6000
2026-09-17T09:56:26.437+08:00,712.075847,44.929626076,6229
2026-09-17T09:56:26.471+08:00,712.109550,44.96296535,6368
2026-09-17T09:56:26.531+08:00,712.169317,44.996304842,6441
2026-09-17T09:56:26.542+08:00,712.180149,45.029644552,6424
2026-09-17T09:56:26.573+08:00,712.211353,45.062984478,6058
2026-09-17T09:56:26.604+08:00,712.242713,45.096324617,6247
2026-09-17T09:56:26.638+08:00,712.276083,45.129664969,6378
2026-09-17T09:56:26.672+08:00,712.309866,45.163005532,6344
2026-09-17T09:56:26.704+08:00,712.342853,45.196346302,6387
2026-09-17T09:56:26.738+08:00,712.376196,45.229687281,6123
2026-09-17T09:56:26.770+08:00,712.408717,45.263028465,6167
2026-09-17T09:56:26.804+08:00,712.442746,45.296369852,6254
2026-09-17T09:56:26.904+08:00,712.542631,45.329711442,54045
2026-09-17T09:56:26.910+08:00,712.548181,45.363053233,4088
2026-09-17T09:56:26.916+08:00,712.554268,45.396395222,4769
2026-09-17T09:56:26.936+08:00,712.574735,45.429737409,5147
2026-09-17T09:56:26.971+08:00,712.609598,45.463079792,5594
2026-09-17T09:56:27.004+08:00,712.642704,45.496422368,6030
2026-09-17T09:56:27.036+08:00,712.674154,45.529765138,5942
2026-09-17T09:56:27.072+08:00,712.709985,45.563108099,6092
2026-09-17T09:56:27.103+08:00,712.741186,45.596450413,6729
2026-09-17T09:56:27.137+08:00,712.775171,45.629792923,7128
2026-09-17T09:56:27.171+08:00,712.809101,45.663135626,7490
2026-09-17T09:56:27.205+08:00,712.843401,45.69647852,7575
2026-09-17T09:56:27.238+08:00,712.876414,45.729821605,7704
2026-09-17T09:56:27.271+08:00,712.909459,45.763164879,7126
2026-09-17T09:56:27.304+08:00,712.942690,45.796508339,7237
2026-09-17T09:56:27.337+08:00,712.975260,45.829848822,7313
2026-09-17T09:56:27.371+08:00,713.009464,45.863189514,7028
2026-09-17T09:56:27.406+08:00,713.044420,45.896530413,7086
2026-09-17T09:56:27.438+08:00,713.076080,45.929871519,6974
2026-09-17T09:56:27.470+08:00,713.108205,45.963212498,6945
2026-09-17T09:56:27.505+08:00,713.142825,45.996553681,7124
2026-09-17T09:56:27.538+08:00,713.176159,46.029895069,6969
2026-09-17T09:56:27.596+08:00,713.234569,46.063236659,6909
2026-09-17T09:56:27.608+08:00,713.246381,46.096578449,7039
2026-09-17T09:56:27.637+08:00,713.275075,46.129920439,6817
2026-09-17T09:56:27.672+08:00,713.310614,46.163262626,6870
2026-09-17T09:56:27.704+08:00,713.342207,46.196605008,6659
2026-09-17T09:56:27.740+08:00,713.378044,46.229947585,6824
2026-09-17T09:56:27.772+08:00,713.410637,46.263290355,6720
2026-09-17T09:56:27.806+08:00,713.444535,46.296633315,6879
2026-09-17T09:56:27.903+08:00,713.541671,46.329976466,54662
2026-09-17T09:56:27.909+08:00,713.547523,46.363319805,4248
2026-09-17T09:56:27.916+08:00,713.553940,46.39666333,4838
2026-09-17T09:56:27.934+08:00,713.572625,46.430005071,5194
2026-09-17T09:56:27.968+08:00,713.606145,46.463347011,5172
2026-09-17T09:56:28.001+08:00,713.639179,46.496686837,5217
2026-09-17T09:56:28.035+08:00,713.673397,46.530026879,5486
2026-09-17T09:56:28.072+08:00,713.709940,46.563367134,5668
2026-09-17T09:56:28.102+08:00,713.740538,46.596707599,6096
2026-09-17T09:56:28.135+08:00,713.773238,46.630046137,5945
2026-09-17T09:56:28.169+08:00,713.807510,46.6633849,6296
2026-09-17T09:56:28.203+08:00,713.841247,46.696723886,6297
2026-09-17T09:56:28.239+08:00,713.876891,46.730063094,6345
2026-09-17T09:56:28.269+08:00,713.907691,46.763402522,6465
2026-09-17T09:56:28.306+08:00,713.944713,46.796742167,6396
2026-09-17T09:56:28.338+08:00,713.976684,46.830082029,6377
2026-09-17T09:56:28.372+08:00,714.010701,46.863422105,6453
2026-09-17T09:56:28.406+08:00,714.044464,46.896762393,6393
2026-09-17T09:56:28.438+08:00,714.076579,46.930102893,6286
2026-09-17T09:56:28.472+08:00,714.110193,46.963443602,6287
2026-09-17T09:56:28.505+08:00,714.143736,46.996784518,6063
2026-09-17T09:56:28.537+08:00,714.175735,47.030125641,6218
2026-09-17T09:56:28.573+08:00,714.210953,47.063466968,6340
2026-09-17T09:56:28.606+08:00,714.244334,47.096808497,6491
2026-09-17T09:56:28.663+08:00,714.301313,47.130150228,6519
2026-09-17T09:56:28.676+08:00,714.314252,47.163492159,6650
2026-09-17T09:56:28.705+08:00,714.343293,47.196834287,6681
2026-09-17T09:56:28.740+08:00,714.378768,47.230176612,6632
2026-09-17T09:56:28.773+08:00,714.411384,47.263519132,6476
2026-09-17T09:56:28.806+08:00,714.444043,47.296861844,6894
2026-09-17T09:56:28.906+08:00,714.544274,47.330204748,54649
2026-09-17T09:56:28.912+08:00,714.550506,47.363547843,4480
2026-09-17T09:56:28.919+08:00,714.557035,47.396891125,4987
2026-09-17T09:56:28.935+08:00,714.572930,47.430234261,5119
2026-09-17T09:56:28.967+08:00,714.605627,47.463574297,5009
2026-09-17T09:56:29.001+08:00,714.639771,47.496914545,5474
2026-09-17T09:56:29.037+08:00,714.674884,47.530255006,5739
2026-09-17T09:56:29.072+08:00,714.710618,47.563595676,6029
2026-09-17T09:56:29.105+08:00,714.742937,47.596936553,6246
2026-09-17T09:56:29.139+08:00,714.776913,47.630277638,6227
2026-09-17T09:56:29.172+08:00,714.809945,47.663618927,6303
2026-09-17T09:56:29.203+08:00,714.841731,47.696960418,6323
2026-09-17T09:56:29.240+08:00,714.878838,47.730302112,6241
2026-09-17T09:56:29.271+08:00,714.908989,47.763644006,6075
2026-09-17T09:56:29.305+08:00,714.943447,47.796986097,6136
2026-09-17T09:56:29.338+08:00,714.976764,47.830328385,6218
2026-09-17T09:56:29.370+08:00,715.008315,47.863670868,5897
2026-09-17T09:56:29.406+08:00,715.044051,47.897013544,5980
2026-09-17T09:56:29.439+08:00,715.077120,47.930356413,5955
2026-09-17T09:56:29.472+08:00,715.110706,47.963699472,6134
2026-09-17T09:56:29.504+08:00,715.142743,47.997042719,5888
2026-09-17T09:56:29.536+08:00,715.174339,48.030386154,5947
2026-09-17T09:56:29.572+08:00,715.210723,48.063729775,5704
2026-09-17T09:56:29.605+08:00,715.243448,48.09707358,5789
2026-09-17T09:56:29.636+08:00,715.274812,48.130417569,6004
2026-09-17T09:56:29.670+08:00,715.308464,48.163761739,5927
2026-09-17T09:56:29.727+08:00,715.365684,48.197106088,5650
2026-09-17T09:56:29.740+08:00,715.378146,48.230450616,5736
2026-09-17T09:56:29.771+08:00,715.409834,48.263795322,5825
2026-09-17T09:56:29.806+08:00,715.444190,48.297140202,6256
2026-09-17T09:56:29.904+08:00,715.542152,48.330485258,53951
2026-09-17T09:56:29.908+08:00,715.546851,48.363830486,3457
2026-09-17T09:56:29.914+08:00,715.552396,48.397175885,4188
2026-09-17T09:56:29.935+08:00,715.572908,48.430521455,4530
2026-09-17T09:56:29.970+08:00,715.608517,48.463867194,4590
2026-09-17T09:56:30.001+08:00,715.638971,48.497210617,4584
2026-09-17T09:56:30.035+08:00,715.673458,48.530554227,4945
2026-09-17T09:56:30.071+08:00,715.709528,48.563898021,4854
2026-09-17T09:56:30.102+08:00,715.740310,48.597241997,5212
2026-09-17T09:56:30.136+08:00,715.774476,48.630586156,5578
2026-09-17T09:56:30.173+08:00,715.810911,48.663930495,6096
2026-09-17T09:56:30.203+08:00,715.841681,48.697275011,6124
2026-09-17T09:56:30.240+08:00,715.878565,48.730619706,6748
2026-09-17T09:56:30.273+08:00,715.911595,48.763964576,7076
2026-09-17T09:56:30.305+08:00,715.943576,48.79730962,6596
2026-09-17T09:56:30.335+08:00,715.973672,48.830648006,5870
2026-09-17T09:56:30.371+08:00,716.008876,48.863986618,6009
2026-09-17T09:56:30.405+08:00,716.042949,48.897325454,6163
2026-09-17T09:56:30.438+08:00,716.076214,48.930664513,6052
2026-09-17T09:56:30.471+08:00,716.109516,48.964003793,6246
2026-09-17T09:56:30.506+08:00,716.144619,48.997343291,6166
2026-09-17T09:56:30.536+08:00,716.174810,49.030683008,5913
2026-09-17T09:56:30.573+08:00,716.211398,49.06402294,5953
2026-09-17T09:56:30.606+08:00,716.244690,49.097363085,6173
2026-09-17T09:56:30.639+08:00,716.277687,49.130703443,6380
2026-09-17T09:56:30.672+08:00,716.310394,49.164044012,6259
2026-09-17T09:56:30.703+08:00,716.341803,49.197384789,6120
2026-09-17T09:56:30.737+08:00,716.375839,49.230725774,5985
2026-09-17T09:56:30.792+08:00,716.430558,49.264066964,6120
2026-09-17T09:56:30.802+08:00,716.440819,49.297406386,5986
2026-09-17T09:56:30.905+08:00,716.543268,49.330746027,54725
